[{"model": "admin.logentry", "pk": 1, "fields": {"action_time": "2023-07-09T20:13:58.086Z", "user": 4, "content_type": 12, "object_id": "5", "object_repr": "2015 250", "action_flag": 3, "change_message": ""}}, {"model": "admin.logentry", "pk": 2, "fields": {"action_time": "2023-07-09T21:05:24.152Z", "user": 4, "content_type": 11, "object_id": "1", "object_repr": "Платеж 100.0 руб., от 2023-07-10 за Урок введение алгебру, курс Курс Курс физики  , transfer", "action_flag": 1, "change_message": "[{\"added\": {}}]"}}, {"model": "admin.logentry", "pk": 3, "fields": {"action_time": "2023-07-09T21:05:57.206Z", "user": 4, "content_type": 11, "object_id": "2", "object_repr": "Платеж 2000.0 руб., от 2023-07-10 за Урок введение алгебру, курс Курс Курс физики  , transfer", "action_flag": 1, "change_message": "[{\"added\": {}}]"}}, {"model": "admin.logentry", "pk": 4, "fields": {"action_time": "2023-07-09T21:28:22.051Z", "user": 4, "content_type": 11, "object_id": "2", "object_repr": "Платеж 2000.0 руб., от 2023-07-10 за Курс физики , transfer", "action_flag": 2, "change_message": "[{\"changed\": {\"fields\": [\"\\u041e\\u043f\\u043b\\u0430\\u0442\\u0430 \\u0437\\u0430 \\u0443\\u0440\\u043e\\u043a\"]}}]"}}, {"model": "admin.logentry", "pk": 5, "fields": {"action_time": "2023-07-09T21:28:31.806Z", "user": 4, "content_type": 11, "object_id": "1", "object_repr": "Платеж 100.0 руб., от 2023-07-10 за Урок введение алгебру, курс Курс физики  , transfer", "action_flag": 2, "change_message": "[{\"changed\": {\"fields\": [\"\\u041e\\u043f\\u043b\\u0430\\u0442\\u0430 \\u0437\\u0430 \\u043a\\u0443\\u0440\\u0441\"]}}]"}}, {"model": "admin.logentry", "pk": 6, "fields": {"action_time": "2023-07-09T21:29:10.407Z", "user": 4, "content_type": 11, "object_id": "3", "object_repr": "Платеж 30000.0 руб., от 2023-07-10 за биология , cash", "action_flag": 1, "change_message": "[{\"added\": {}}]"}}, {"model": "admin.logentry", "pk": 7, "fields": {"action_time": "2023-07-09T21:29:32.803Z", "user": 4, "content_type": 11, "object_id": "4", "object_repr": "Платеж 3000.0 руб., от 2023-07-10 за Урок простейшие, курс биология  , transfer", "action_flag": 1, "change_message": "[{\"added\": {}}]"}}, {"model": "admin.logentry", "pk": 8, "fields": {"action_time": "2023-07-09T21:30:00.661Z", "user": 4, "content_type": 11, "object_id": "5", "object_repr": "Платеж 5000.0 руб., от 2023-07-10 за Курс физики , cash", "action_flag": 1, "change_message": "[{\"added\": {}}]"}}, {"model": "admin.logentry", "pk": 9, "fields": {"action_time": "2023-07-10T19:39:15.358Z", "user": 4, "content_type": 7, "object_id": "1", "object_repr": "Курс физики ", "action_flag": 2, "change_message": "[{\"changed\": {\"fields\": [\"\\u041f\\u0440\\u0435\\u0432\\u044c\\u044e \\u043a\\u0443\\u0440\\u0441\\u0430\"]}}]"}}, {"model": "admin.logentry", "pk": 10, "fields": {"action_time": "2023-07-10T19:39:29.336Z", "user": 4, "content_type": 7, "object_id": "2", "object_repr": "биология ", "action_flag": 2, "change_message": "[{\"changed\": {\"fields\": [\"\\u041f\\u0440\\u0435\\u0432\\u044c\\u044e \\u043a\\u0443\\u0440\\u0441\\u0430\"]}}]"}}, {"model": "admin.logentry", "pk": 11, "fields": {"action_time": "2023-07-10T19:40:02.392Z", "user": 4, "content_type": 7, "object_id": "3", "object_repr": "Математика ", "action_flag": 1, "change_message": "[{\"added\": {}}]"}}, {"model": "admin.logentry", "pk": 12, "fields": {"action_time": "2023-07-10T19:40:28.952Z", "user": 4, "content_type": 8, "object_id": "4", "object_repr": "Урок введение физику, курс Курс физики  ", "action_flag": 2, "change_message": "[{\"changed\": {\"fields\": [\"\\u0423\\u0440\\u043e\\u043a\"]}}]"}}, {"model": "admin.logentry", "pk": 13, "fields": {"action_time": "2023-07-10T19:40:40.741Z", "user": 4, "content_type": 8, "object_id": "3", "object_repr": "Урок введение алгебру, курс Математика  ", "action_flag": 2, "change_message": "[{\"changed\": {\"fields\": [\"\\u041a\\u0443\\u0440\\u0441\"]}}]"}}, {"model": "admin.logentry", "pk": 14, "fields": {"action_time": "2023-07-10T19:41:05.174Z", "user": 4, "content_type": 8, "object_id": "2", "object_repr": "Урок Системы уравнений, курс Математика  ", "action_flag": 2, "change_message": "[{\"changed\": {\"fields\": [\"\\u0423\\u0440\\u043e\\u043a\", \"\\u041e\\u043f\\u0438\\u0441\\u0430\\u043d\\u0438\\u0435 \\u0443\\u0440\\u043e\\u043a\\u0430\", \"\\u041a\\u0443\\u0440\\u0441\"]}}]"}}, {"model": "admin.logentry", "pk": 15, "fields": {"action_time": "2023-07-10T19:41:16.845Z", "user": 4, "content_type": 8, "object_id": "3", "object_repr": "Урок введение в алгебру, курс Математика  ", "action_flag": 2, "change_message": "[{\"changed\": {\"fields\": [\"\\u0423\\u0440\\u043e\\u043a\"]}}]"}}, {"model": "admin.logentry", "pk": 16, "fields": {"action_time": "2023-07-10T20:08:12.720Z", "user": 4, "content_type": 11, "object_id": "6", "object_repr": "Платеж 50000.0 руб., от 2023-07-10 за Курс физики , transfer", "action_flag": 1, "change_message": "[{\"added\": {}}]"}}, {"model": "admin.logentry", "pk": 17, "fields": {"action_time": "2023-07-10T22:05:06.958Z", "user": 4, "content_type": 11, "object_id": "7", "object_repr": "Платеж 120000.0 руб., от 2023-07-11 за биология , cash", "action_flag": 1, "change_message": "[{\"added\": {}}]"}}, {"model": "admin.logentry", "pk": 18, "fields": {"action_time": "2023-07-12T20:23:14.936Z", "user": 4, "content_type": 11, "object_id": "8", "object_repr": "Платеж 5000.0 руб., от 2023-07-12 за биология , cash", "action_flag": 1, "change_message": "[{\"added\": {}}]"}}, {"model": "admin.logentry", "pk": 19, "fields": {"action_time": "2023-07-12T20:23:42.647Z", "user": 4, "content_type": 11, "object_id": "9", "object_repr": "Платеж 5000.0 руб., от 2023-07-12 за Урок простейшие, курс биология  , cash", "action_flag": 1, "change_message": "[{\"added\": {}}]"}}, {"model": "admin.logentry", "pk": 20, "fields": {"action_time": "2023-07-15T07:05:26.667Z", "user": 4, "content_type": 3, "object_id": "1", "object_repr": "Manager", "action_flag": 1, "change_message": "[{\"added\": {}}]"}}, {"model": "admin.logentry", "pk": 21, "fields": {"action_time": "2023-07-15T07:05:45.058Z", "user": 4, "content_type": 6, "object_id": "5", "object_repr": "manager@manager.ru", "action_flag": 2, "change_message": "[{\"changed\": {\"fields\": [\"Groups\"]}}]"}}, {"model": "admin.logentry", "pk": 22, "fields": {"action_time": "2023-07-15T07:16:57.612Z", "user": 4, "content_type": 3, "object_id": "2", "object_repr": "Admin", "action_flag": 1, "change_message": "[{\"added\": {}}]"}}, {"model": "admin.logentry", "pk": 23, "fields": {"action_time": "2023-07-15T07:17:32.867Z", "user": 4, "content_type": 3, "object_id": "1", "object_repr": "Manager", "action_flag": 2, "change_message": "[{\"changed\": {\"fields\": [\"Permissions\"]}}]"}}, {"model": "admin.logentry", "pk": 24, "fields": {"action_time": "2023-07-15T08:32:15.983Z", "user": 4, "content_type": 9, "object_id": "1", "object_repr": "Volvo 2021", "action_flag": 2, "change_message": "[{\"changed\": {\"fields\": [\"\\u0412\\u043b\\u0430\\u0434\\u0435\\u043b\\u0435\\u0446\"]}}]"}}, {"model": "admin.logentry", "pk": 25, "fields": {"action_time": "2023-07-15T08:32:24.603Z", "user": 4, "content_type": 9, "object_id": "2", "object_repr": "BMW 2022", "action_flag": 2, "change_message": "[{\"changed\": {\"fields\": [\"\\u0412\\u043b\\u0430\\u0434\\u0435\\u043b\\u0435\\u0446\"]}}]"}}, {"model": "admin.logentry", "pk": 26, "fields": {"action_time": "2023-07-15T08:32:33.156Z", "user": 4, "content_type": 9, "object_id": "3", "object_repr": "KIA 2021", "action_flag": 2, "change_message": "[{\"changed\": {\"fields\": [\"\\u0412\\u043b\\u0430\\u0434\\u0435\\u043b\\u0435\\u0446\"]}}]"}}, {"model": "admin.logentry", "pk": 27, "fields": {"action_time": "2023-07-15T08:48:28.454Z", "user": 4, "content_type": 7, "object_id": "4", "object_repr": "Астрономия ", "action_flag": 1, "change_message": "[{\"added\": {}}]"}}, {"model": "admin.logentry", "pk": 28, "fields": {"action_time": "2023-07-15T08:53:42.453Z", "user": 4, "content_type": 7, "object_id": "1", "object_repr": "Курс физики ", "action_flag": 2, "change_message": "[{\"changed\": {\"fields\": [\"\\u0412\\u043b\\u0430\\u0434\\u0435\\u043b\\u0435\\u0446\"]}}]"}}, {"model": "admin.logentry", "pk": 29, "fields": {"action_time": "2023-07-15T09:11:00.440Z", "user": 4, "content_type": 8, "object_id": "7", "object_repr": "Урок многоклеточные, курс биология  ", "action_flag": 3, "change_message": ""}}, {"model": "admin.logentry", "pk": 30, "fields": {"action_time": "2023-07-16T07:04:48.642Z", "user": 4, "content_type": 7, "object_id": "3", "object_repr": "Математика ", "action_flag": 2, "change_message": "[{\"changed\": {\"fields\": [\"\\u0412\\u043b\\u0430\\u0434\\u0435\\u043b\\u0435\\u0446\"]}}]"}}, {"model": "admin.logentry", "pk": 31, "fields": {"action_time": "2023-07-16T09:59:48.567Z", "user": 4, "content_type": 8, "object_id": "10", "object_repr": "Урок многоклеточные, курс биология  ", "action_flag": 2, "change_message": "[{\"changed\": {\"fields\": [\"\\u041e\\u043f\\u0438\\u0441\\u0430\\u043d\\u0438\\u0435 \\u0443\\u0440\\u043e\\u043a\\u0430\"]}}]"}}, {"model": "admin.logentry", "pk": 32, "fields": {"action_time": "2023-07-16T10:00:00.398Z", "user": 4, "content_type": 8, "object_id": "4", "object_repr": "Урок введение физику, курс Курс физики  ", "action_flag": 2, "change_message": "[{\"changed\": {\"fields\": [\"\\u0412\\u043b\\u0430\\u0434\\u0435\\u043b\\u0435\\u0446\"]}}]"}}, {"model": "admin.logentry", "pk": 33, "fields": {"action_time": "2023-07-17T20:35:32.526Z", "user": 4, "content_type": 7, "object_id": "5", "object_repr": "Экономика ", "action_flag": 2, "change_message": "[{\"changed\": {\"fields\": [\"\\u0412\\u043b\\u0430\\u0434\\u0435\\u043b\\u0435\\u0446\"]}}]"}}, {"model": "admin.logentry", "pk": 34, "fields": {"action_time": "2023-07-17T20:35:46.654Z", "user": 4, "content_type": 7, "object_id": "4", "object_repr": "Астрономия ", "action_flag": 2, "change_message": "[{\"changed\": {\"fields\": [\"\\u0412\\u043b\\u0430\\u0434\\u0435\\u043b\\u0435\\u0446\"]}}]"}}, {"model": "admin.logentry", "pk": 35, "fields": {"action_time": "2023-07-17T20:35:56.493Z", "user": 4, "content_type": 7, "object_id": "2", "object_repr": "биология ", "action_flag": 2, "change_message": "[{\"changed\": {\"fields\": [\"\\u0412\\u043b\\u0430\\u0434\\u0435\\u043b\\u0435\\u0446\"]}}]"}}, {"model": "admin.logentry", "pk": 36, "fields": {"action_time": "2023-07-17T20:37:29.407Z", "user": 4, "content_type": 7, "object_id": "6", "object_repr": "Обществознание ", "action_flag": 1, "change_message": "[{\"added\": {}}]"}}, {"model": "admin.logentry", "pk": 37, "fields": {"action_time": "2023-07-17T20:37:45.826Z", "user": 4, "content_type": 7, "object_id": "6", "object_repr": "Обществознание ", "action_flag": 2, "change_message": "[{\"changed\": {\"fields\": [\"\\u0412\\u043b\\u0430\\u0434\\u0435\\u043b\\u0435\\u0446\"]}}]"}}, {"model": "admin.logentry", "pk": 38, "fields": {"action_time": "2023-07-17T20:42:48.581Z", "user": 4, "content_type": 7, "object_id": "7", "object_repr": "Уроки труда ", "action_flag": 1, "change_message": "[{\"added\": {}}]"}}, {"model": "admin.logentry", "pk": 39, "fields": {"action_time": "2023-07-17T20:43:31.586Z", "user": 4, "content_type": 7, "object_id": "8", "object_repr": "Физкультура ", "action_flag": 1, "change_message": "[{\"added\": {}}]"}}, {"model": "admin.logentry", "pk": 40, "fields": {"action_time": "2023-07-22T18:24:17.490Z", "user": 4, "content_type": 7, "object_id": "8", "object_repr": "Физкультура ", "action_flag": 2, "change_message": "[{\"changed\": {\"fields\": [\"\\u0412\\u043b\\u0430\\u0434\\u0435\\u043b\\u0435\\u0446\"]}}]"}}, {"model": "admin.logentry", "pk": 41, "fields": {"action_time": "2023-07-24T20:58:03.468Z", "user": 4, "content_type": 6, "object_id": "2", "object_repr": "fastfastpost@yandex.ru", "action_flag": 2, "change_message": "[{\"changed\": {\"fields\": [\"Password\", \"\\u041f\\u043e\\u0447\\u0442\\u0430\"]}}]"}}, {"model": "admin.logentry", "pk": 42, "fields": {"action_time": "2023-07-24T20:58:35.222Z", "user": 4, "content_type": 13, "object_id": "7", "object_repr": "Подписка fastfastpost@yandex.ru, курс \"Курс физики \"", "action_flag": 1, "change_message": "[{\"added\": {}}]"}}, {"model": "admin.logentry", "pk": 43, "fields": {"action_time": "2023-07-25T19:43:43.529Z", "user": 4, "content_type": 7, "object_id": "9", "object_repr": "Курс уроков физики ", "action_flag": 2, "change_message": "[{\"changed\": {\"fields\": [\"\\u0412\\u043b\\u0430\\u0434\\u0435\\u043b\\u0435\\u0446\"]}}]"}}, {"model": "admin.logentry", "pk": 44, "fields": {"action_time": "2023-07-25T20:05:21.769Z", "user": 4, "content_type": 7, "object_id": "4", "object_repr": "Астрономия ", "action_flag": 2, "change_message": "[{\"changed\": {\"fields\": [\"\\u0412\\u043b\\u0430\\u0434\\u0435\\u043b\\u0435\\u0446\"]}}]"}}, {"model": "admin.logentry", "pk": 45, "fields": {"action_time": "2023-07-25T20:09:26.771Z", "user": 4, "content_type": 7, "object_id": "4", "object_repr": "Астрономия4 ", "action_flag": 2, "change_message": "[{\"changed\": {\"fields\": [\"\\u041a\\u0443\\u0440\\u0441\"]}}]"}}, {"model": "admin.logentry", "pk": 46, "fields": {"action_time": "2023-07-25T20:09:38.098Z", "user": 4, "content_type": 13, "object_id": "7", "object_repr": "Подписка fastfastpost@yandex.ru, курс \"Астрономия4 \"", "action_flag": 2, "change_message": "[{\"changed\": {\"fields\": [\"Curs\"]}}]"}}, {"model": "auth.permission", "pk": 1, "fields": {"name": "Can add log entry", "content_type": 1, "codename": "add_logentry"}}, {"model": "auth.permission", "pk": 2, "fields": {"name": "Can change log entry", "content_type": 1, "codename": "change_logentry"}}, {"model": "auth.permission", "pk": 3, "fields": {"name": "Can delete log entry", "content_type": 1, "codename": "delete_logentry"}}, {"model": "auth.permission", "pk": 4, "fields": {"name": "Can view log entry", "content_type": 1, "codename": "view_logentry"}}, {"model": "auth.permission", "pk": 5, "fields": {"name": "Can add permission", "content_type": 2, "codename": "add_permission"}}, {"model": "auth.permission", "pk": 6, "fields": {"name": "Can change permission", "content_type": 2, "codename": "change_permission"}}, {"model": "auth.permission", "pk": 7, "fields": {"name": "Can delete permission", "content_type": 2, "codename": "delete_permission"}}, {"model": "auth.permission", "pk": 8, "fields": {"name": "Can view permission", "content_type": 2, "codename": "view_permission"}}, {"model": "auth.permission", "pk": 9, "fields": {"name": "Can add group", "content_type": 3, "codename": "add_group"}}, {"model": "auth.permission", "pk": 10, "fields": {"name": "Can change group", "content_type": 3, "codename": "change_group"}}, {"model": "auth.permission", "pk": 11, "fields": {"name": "Can delete group", "content_type": 3, "codename": "delete_group"}}, {"model": "auth.permission", "pk": 12, "fields": {"name": "Can view group", "content_type": 3, "codename": "view_group"}}, {"model": "auth.permission", "pk": 13, "fields": {"name": "Can add content type", "content_type": 4, "codename": "add_contenttype"}}, {"model": "auth.permission", "pk": 14, "fields": {"name": "Can change content type", "content_type": 4, "codename": "change_contenttype"}}, {"model": "auth.permission", "pk": 15, "fields": {"name": "Can delete content type", "content_type": 4, "codename": "delete_contenttype"}}, {"model": "auth.permission", "pk": 16, "fields": {"name": "Can view content type", "content_type": 4, "codename": "view_contenttype"}}, {"model": "auth.permission", "pk": 17, "fields": {"name": "Can add session", "content_type": 5, "codename": "add_session"}}, {"model": "auth.permission", "pk": 18, "fields": {"name": "Can change session", "content_type": 5, "codename": "change_session"}}, {"model": "auth.permission", "pk": 19, "fields": {"name": "Can delete session", "content_type": 5, "codename": "delete_session"}}, {"model": "auth.permission", "pk": 20, "fields": {"name": "Can view session", "content_type": 5, "codename": "view_session"}}, {"model": "auth.permission", "pk": 21, "fields": {"name": "Can add user", "content_type": 6, "codename": "add_user"}}, {"model": "auth.permission", "pk": 22, "fields": {"name": "Can change user", "content_type": 6, "codename": "change_user"}}, {"model": "auth.permission", "pk": 23, "fields": {"name": "Can delete user", "content_type": 6, "codename": "delete_user"}}, {"model": "auth.permission", "pk": 24, "fields": {"name": "Can view user", "content_type": 6, "codename": "view_user"}}, {"model": "auth.permission", "pk": 25, "fields": {"name": "Can add курс", "content_type": 7, "codename": "add_curs"}}, {"model": "auth.permission", "pk": 26, "fields": {"name": "Can change курс", "content_type": 7, "codename": "change_curs"}}, {"model": "auth.permission", "pk": 27, "fields": {"name": "Can delete курс", "content_type": 7, "codename": "delete_curs"}}, {"model": "auth.permission", "pk": 28, "fields": {"name": "Can view курс", "content_type": 7, "codename": "view_curs"}}, {"model": "auth.permission", "pk": 29, "fields": {"name": "Can add урок", "content_type": 8, "codename": "add_lesson"}}, {"model": "auth.permission", "pk": 30, "fields": {"name": "Can change урок", "content_type": 8, "codename": "change_lesson"}}, {"model": "auth.permission", "pk": 31, "fields": {"name": "Can delete урок", "content_type": 8, "codename": "delete_lesson"}}, {"model": "auth.permission", "pk": 32, "fields": {"name": "Can view урок", "content_type": 8, "codename": "view_lesson"}}, {"model": "auth.permission", "pk": 33, "fields": {"name": "Can add машина", "content_type": 9, "codename": "add_car"}}, {"model": "auth.permission", "pk": 34, "fields": {"name": "Can change машина", "content_type": 9, "codename": "change_car"}}, {"model": "auth.permission", "pk": 35, "fields": {"name": "Can delete машина", "content_type": 9, "codename": "delete_car"}}, {"model": "auth.permission", "pk": 36, "fields": {"name": "Can view машина", "content_type": 9, "codename": "view_car"}}, {"model": "auth.permission", "pk": 37, "fields": {"name": "Can add мотоцикл", "content_type": 10, "codename": "add_motorcycle"}}, {"model": "auth.permission", "pk": 38, "fields": {"name": "Can change мотоцикл", "content_type": 10, "codename": "change_motorcycle"}}, {"model": "auth.permission", "pk": 39, "fields": {"name": "Can delete мотоцикл", "content_type": 10, "codename": "delete_motorcycle"}}, {"model": "auth.permission", "pk": 40, "fields": {"name": "Can view мотоцикл", "content_type": 10, "codename": "view_motorcycle"}}, {"model": "auth.permission", "pk": 41, "fields": {"name": "Can add платеж", "content_type": 11, "codename": "add_paying"}}, {"model": "auth.permission", "pk": 42, "fields": {"name": "Can change платеж", "content_type": 11, "codename": "change_paying"}}, {"model": "auth.permission", "pk": 43, "fields": {"name": "Can delete платеж", "content_type": 11, "codename": "delete_paying"}}, {"model": "auth.permission", "pk": 44, "fields": {"name": "Can view платеж", "content_type": 11, "codename": "view_paying"}}, {"model": "auth.permission", "pk": 45, "fields": {"name": "Can add пробег", "content_type": 12, "codename": "add_milage"}}, {"model": "auth.permission", "pk": 46, "fields": {"name": "Can change пробег", "content_type": 12, "codename": "change_milage"}}, {"model": "auth.permission", "pk": 47, "fields": {"name": "Can delete пробег", "content_type": 12, "codename": "delete_milage"}}, {"model": "auth.permission", "pk": 48, "fields": {"name": "Can view пробег", "content_type": 12, "codename": "view_milage"}}, {"model": "auth.permission", "pk": 49, "fields": {"name": "Can add Подписка", "content_type": 13, "codename": "add_subscription"}}, {"model": "auth.permission", "pk": 50, "fields": {"name": "Can change Подписка", "content_type": 13, "codename": "change_subscription"}}, {"model": "auth.permission", "pk": 51, "fields": {"name": "Can delete Подписка", "content_type": 13, "codename": "delete_subscription"}}, {"model": "auth.permission", "pk": 52, "fields": {"name": "Can view Подписка", "content_type": 13, "codename": "view_subscription"}}, {"model": "auth.group", "pk": 1, "fields": {"name": "Manager", "permissions": [26, 28, 30, 32, 42, 44]}}, {"model": "auth.group", "pk": 2, "fields": {"name": "Admin", "permissions": [25, 26, 27, 28, 29, 30, 31, 32, 41, 42, 43, 44]}}, {"model": "contenttypes.contenttype", "pk": 1, "fields": {"app_label": "admin", "model": "logentry"}}, {"model": "contenttypes.contenttype", "pk": 2, "fields": {"app_label": "auth", "model": "permission"}}, {"model": "contenttypes.contenttype", "pk": 3, "fields": {"app_label": "auth", "model": "group"}}, {"model": "contenttypes.contenttype", "pk": 4, "fields": {"app_label": "contenttypes", "model": "contenttype"}}, {"model": "contenttypes.contenttype", "pk": 5, "fields": {"app_label": "sessions", "model": "session"}}, {"model": "contenttypes.contenttype", "pk": 6, "fields": {"app_label": "user_auth", "model": "user"}}, {"model": "contenttypes.contenttype", "pk": 7, "fields": {"app_label": "university", "model": "curs"}}, {"model": "contenttypes.contenttype", "pk": 8, "fields": {"app_label": "university", "model": "lesson"}}, {"model": "contenttypes.contenttype", "pk": 9, "fields": {"app_label": "cars", "model": "car"}}, {"model": "contenttypes.contenttype", "pk": 10, "fields": {"app_label": "cars", "model": "motorcycle"}}, {"model": "contenttypes.contenttype", "pk": 11, "fields": {"app_label": "university", "model": "paying"}}, {"model": "contenttypes.contenttype", "pk": 12, "fields": {"app_label": "cars", "model": "milage"}}, {"model": "contenttypes.contenttype", "pk": 13, "fields": {"app_label": "university", "model": "subscription"}}, {"model": "sessions.session", "pk": "fp4iz7fqjlohsfc1jynl325nzqi5xdo6", "fields": {"session_data": ".eJxVjDsOwjAQBe_iGlkbE_8o6XMGa-1d4wCypTipEHeHSCmgfTPzXiLgtpawdV7CTOIiRnH63SKmB9cd0B3rrcnU6rrMUe6KPGiXUyN-Xg_376BgL99aUSbwg4lWRzDZZUZvdLRnCyNnHlLUCiwxAWjM3qG1DsErpxURMIv3B_JFOD0:1qIalK:Pf2ANm342dctOCsGFn4xJRemjVzj7DaFaPu4P1vgeyU", "expire_date": "2023-07-23T20:12:06.530Z"}}, {"model": "sessions.session", "pk": "h91ewdsbxs23hs0d82nlk0aszjufu7j0", "fields": {"session_data": ".eJxVjDsOwjAQBe_iGlkbE_8o6XMGa-1d4wCypTipEHeHSCmgfTPzXiLgtpawdV7CTOIiRnH63SKmB9cd0B3rrcnU6rrMUe6KPGiXUyN-Xg_376BgL99aUSbwg4lWRzDZZUZvdLRnCyNnHlLUCiwxAWjM3qG1DsErpxURMIv3B_JFOD0:1qNfRg:ouAQ8bkpQkqpHxhwPIv8oDA-eP1CBW3ikjgySX2xyxU", "expire_date": "2023-08-06T20:12:48.608Z"}}, {"model": "user_auth.user", "pk": 1, "fields": {"password": "pbkdf2_sha256$600000$u2SjUlt2XQruX9vmbaZpWf$3oDA9SYvifQLwPC79UDNdr2hXzlPksEV9bClIeEXSas=", "last_login": null, "is_superuser": false, "first_name": "", "last_name": "", "is_staff": false, "is_active": true, "date_joined": "2023-07-08T21:13:47.322Z", "email": "example@example.com", "phone": "1234567890", "avatar": "", "country": "Country", "groups": [], "user_permissions": []}}, {"model": "user_auth.user", "pk": 2, "fields": {"password": "pbkdf2_sha256$600000$ruEvErbbpisi3RLv6zrUSz$aQ6Pu25W+5fXKZCNSJ/GdT7Nrvls6pWqrZen0iB6Jhg=", "last_login": null, "is_superuser": false, "first_name": "", "last_name": "", "is_staff": false, "is_active": true, "date_joined": "2023-07-08T21:14:08Z", "email": "fastfastpost@yandex.ru", "phone": "1234567890", "avatar": "", "country": "Country", "groups": [], "user_permissions": []}}, {"model": "user_auth.user", "pk": 3, "fields": {"password": "pbkdf2_sha256$600000$t2pS3IjaXoWGFrHAqrTLDh$OFbwImNnOVTvCKWdVdgO/joz8GY49rgE4ISKpPMKKh0=", "last_login": null, "is_superuser": false, "first_name": "", "last_name": "", "is_staff": false, "is_active": true, "date_joined": "2023-07-09T14:33:36.267Z", "email": "user1@mail.ru", "phone": "232123", "avatar": "", "country": "New Zeland", "groups": [], "user_permissions": []}}, {"model": "user_auth.user", "pk": 4, "fields": {"password": "pbkdf2_sha256$600000$oJlyOAqthoQV3MkWApsLDH$CIMG3On2v5D+e7Z7hXjN52/8w/SgbGqfUvsAEjXn/dc=", "last_login": "2023-07-23T20:12:48.420Z", "is_superuser": true, "first_name": "Admin", "last_name": "SuperAdmin", "is_staff": true, "is_active": true, "date_joined": "2023-07-09T20:11:50.974Z", "email": "admin@admin.pro", "phone": null, "avatar": "", "country": null, "groups": [], "user_permissions": []}}, {"model": "user_auth.user", "pk": 5, "fields": {"password": "pbkdf2_sha256$600000$bo0TITjP2JczE5xz3FtXZu$4ivxbNX0ZgbUdHwrRcu1jxhi7YacVwdKt97edBMg/ew=", "last_login": null, "is_superuser": false, "first_name": "manager", "last_name": "moderator", "is_staff": true, "is_active": true, "date_joined": "2023-07-15T07:03:01Z", "email": "manager@manager.ru", "phone": null, "avatar": "", "country": null, "groups": [1], "user_permissions": []}}, {"model": "university.curs", "pk": 1, "fields": {"title": "Астрономия", "preview": "university/curs/physics.jpg", "description": "Уроки астрономии для школьников 10 класс.", "owner": 1}}, {"model": "university.curs", "pk": 2, "fields": {"title": "Курс уроков биологии", "preview": "university/curs/biology.jpg", "description": "Курс для 6-го класса", "owner": 3}}, {"model": "university.curs", "pk": 3, "fields": {"title": "Математика", "preview": "university/curs/math.jpg", "description": "Курс математики для школьников", "owner": 1}}, {"model": "university.curs", "pk": 4, "fields": {"title": "Астрономия", "preview": "", "description": "Уроки астрономии для школьников 10 класс/", "owner": 2}}, {"model": "university.curs", "pk": 5, "fields": {"title": "Экономика", "preview": "", "description": "Курс экономики", "owner": 1}}, {"model": "university.curs", "pk": 6, "fields": {"title": "Обществознание", "preview": "", "description": "Курс для учеников начальной школы", "owner": 1}}, {"model": "university.curs", "pk": 7, "fields": {"title": "Уроки труда", "preview": "", "description": "Уроки труда для учеников 5-го класса", "owner": 1}}, {"model": "university.curs", "pk": 8, "fields": {"title": "Физкультура", "preview": "", "description": "Уроки физкультуры", "owner": 3}}, {"model": "university.curs", "pk": 9, "fields": {"title": "Курс уроков физики", "preview": "", "description": "Курс для 7-го класса.", "owner": 2}}, {"model": "university.lesson", "pk": 2, "fields": {"title": "Системы уравнений", "description": "10-й урок", "preview": "", "url_video": null, "curs": 3, "owner": null}}, {"model": "university.lesson", "pk": 3, "fields": {"title": "введение в алгебру", "description": "1-й урок", "preview": "", "url_video": null, "curs": 3, "owner": null}}, {"model": "university.lesson", "pk": 4, "fields": {"title": "введение физику", "description": "1-й урок", "preview": "", "url_video": null, "curs": 1, "owner": 1}}, {"model": "university.lesson", "pk": 5, "fields": {"title": "одноклеточные", "description": "3-й урок", "preview": "", "url_video": null, "curs": 2, "owner": null}}, {"model": "university.lesson", "pk": 6, "fields": {"title": "простейшие", "description": "2-й урок", "preview": "", "url_video": null, "curs": 2, "owner": null}}, {"model": "university.lesson", "pk": 8, "fields": {"title": "введение в политологию", "description": "уроки для студентов 1-го курса", "preview": "", "url_video": null, "curs": 4, "owner": null}}, {"model": "university.lesson", "pk": 9, "fields": {"title": "введение в экономику", "description": "уроки для студентов 1-го курса", "preview": "", "url_video": null, "curs": 4, "owner": 1}}, {"model": "university.lesson", "pk": 10, "fields": {"title": "многоклеточные", "description": "5-й урок", "preview": "", "url_video": null, "curs": 2, "owner": 1}}, {"model": "university.lesson", "pk": 11, "fields": {"title": "многоклеточные", "description": "4-й урок", "preview": "", "url_video": null, "curs": 2, "owner": 1}}, {"model": "university.lesson", "pk": 12, "fields": {"title": "млекопитающие", "description": "6-й урок", "preview": "", "url_video": "https://www.youtube.com/123/", "curs": 2, "owner": 3}}, {"model": "university.lesson", "pk": 13, "fields": {"title": "простейшие", "description": "6-й урок", "preview": "", "url_video": "https://www.youtube.com/123/", "curs": 2, "owner": 3}}, {"model": "university.lesson", "pk": 14, "fields": {"title": "беспозвоночные", "description": "7-й урок", "preview": "", "url_video": "https://my.sky.pro/student-cabinet/stream-lesson/60285/theory/2", "curs": 2, "owner": 3}}, {"model": "university.lesson", "pk": 15, "fields": {"title": "беспозвоночные", "description": "7-й урок", "preview": "", "url_video": "https://my.sky.pro/student-cabinet/stream-lesson/60285/theory/2", "curs": 2, "owner": 3}}, {"model": "university.lesson", "pk": 16, "fields": {"title": "беспозвоночные", "description": "7-й урок", "preview": "", "url_video": "https://my.sky.pro/student-cabinet/stream-lesson/60285/theory/2", "curs": 2, "owner": 3}}, {"model": "university.lesson", "pk": 17, "fields": {"title": "беспозвоночные", "description": "7-й урок", "preview": "", "url_video": "https://my.sky.pro/student-cabinet/stream-lesson/60285/theory/2", "curs": 2, "owner": 3}}, {"model": "university.lesson", "pk": 18, "fields": {"title": "беспозвоночные", "description": "7-й урок", "preview": "", "url_video": "https://my.sky.pro/student-cabinet/stream-lesson/60285/theory/2", "curs": 2, "owner": 3}}, {"model": "university.lesson", "pk": 19, "fields": {"title": "беспозвоночные", "description": "7-й урок", "preview": "", "url_video": "https://www.youtube.com/123/", "curs": 2, "owner": 3}}, {"model": "university.paying", "pk": 1, "fields": {"user": 1, "date_pay": "2023-07-10", "paid_for_curs": null, "paid_for_lesson": 2, "amount": 100.0, "payment_method": "transfer"}}, {"model": "university.paying", "pk": 2, "fields": {"user": 1, "date_pay": "2023-07-10", "paid_for_curs": 1, "paid_for_lesson": null, "amount": 2000.0, "payment_method": "transfer"}}, {"model": "university.paying", "pk": 3, "fields": {"user": 1, "date_pay": "2023-07-10", "paid_for_curs": 2, "paid_for_lesson": null, "amount": 30000.0, "payment_method": "cash"}}, {"model": "university.paying", "pk": 4, "fields": {"user": 3, "date_pay": "2023-07-10", "paid_for_curs": null, "paid_for_lesson": 6, "amount": 3000.0, "payment_method": "transfer"}}, {"model": "university.paying", "pk": 5, "fields": {"user": 3, "date_pay": "2023-07-10", "paid_for_curs": 1, "paid_for_lesson": null, "amount": 5000.0, "payment_method": "cash"}}, {"model": "university.paying", "pk": 6, "fields": {"user": 3, "date_pay": "2023-07-10", "paid_for_curs": 1, "paid_for_lesson": null, "amount": 50000.0, "payment_method": "transfer"}}, {"model": "university.paying", "pk": 7, "fields": {"user": 2, "date_pay": "2023-07-11", "paid_for_curs": 2, "paid_for_lesson": null, "amount": 120000.0, "payment_method": "cash"}}, {"model": "university.paying", "pk": 8, "fields": {"user": 1, "date_pay": "2023-07-12", "paid_for_curs": 2, "paid_for_lesson": null, "amount": 5000.0, "payment_method": "cash"}}, {"model": "university.paying", "pk": 9, "fields": {"user": 1, "date_pay": "2023-07-12", "paid_for_curs": null, "paid_for_lesson": 6, "amount": 5000.0, "payment_method": "cash"}}, {"model": "university.subscription", "pk": 1, "fields": {"user": 3, "curs": 1}}, {"model": "university.subscription", "pk": 2, "fields": {"user": 3, "curs": 2}}, {"model": "university.subscription", "pk": 4, "fields": {"user": 3, "curs": 3}}, {"model": "university.subscription", "pk": 5, "fields": {"user": 3, "curs": 4}}, {"model": "university.subscription", "pk": 7, "fields": {"user": 2, "curs": 4}}]