[{"model": "admin.logentry", "pk": 1, "fields": {"action_time": "2023-07-09T20:13:58.086Z", "user": 4, "content_type": 12, "object_id": "5", "object_repr": "2015 250", "action_flag": 3, "change_message": ""}}, {"model": "admin.logentry", "pk": 2, "fields": {"action_time": "2023-07-09T21:05:24.152Z", "user": 4, "content_type": 11, "object_id": "1", "object_repr": "Платеж 100.0 руб., от 2023-07-10 за Урок введение алгебру, курс Курс Курс физики  , transfer", "action_flag": 1, "change_message": "[{\"added\": {}}]"}}, {"model": "admin.logentry", "pk": 3, "fields": {"action_time": "2023-07-09T21:05:57.206Z", "user": 4, "content_type": 11, "object_id": "2", "object_repr": "Платеж 2000.0 руб., от 2023-07-10 за Урок введение алгебру, курс Курс Курс физики  , transfer", "action_flag": 1, "change_message": "[{\"added\": {}}]"}}, {"model": "admin.logentry", "pk": 4, "fields": {"action_time": "2023-07-09T21:28:22.051Z", "user": 4, "content_type": 11, "object_id": "2", "object_repr": "Платеж 2000.0 руб., от 2023-07-10 за Курс физики , transfer", "action_flag": 2, "change_message": "[{\"changed\": {\"fields\": [\"\\u041e\\u043f\\u043b\\u0430\\u0442\\u0430 \\u0437\\u0430 \\u0443\\u0440\\u043e\\u043a\"]}}]"}}, {"model": "admin.logentry", "pk": 5, "fields": {"action_time": "2023-07-09T21:28:31.806Z", "user": 4, "content_type": 11, "object_id": "1", "object_repr": "Платеж 100.0 руб., от 2023-07-10 за Урок введение алгебру, курс Курс физики  , transfer", "action_flag": 2, "change_message": "[{\"changed\": {\"fields\": [\"\\u041e\\u043f\\u043b\\u0430\\u0442\\u0430 \\u0437\\u0430 \\u043a\\u0443\\u0440\\u0441\"]}}]"}}, {"model": "admin.logentry", "pk": 6, "fields": {"action_time": "2023-07-09T21:29:10.407Z", "user": 4, "content_type": 11, "object_id": "3", "object_repr": "Платеж 30000.0 руб., от 2023-07-10 за биология , cash", "action_flag": 1, "change_message": "[{\"added\": {}}]"}}, {"model": "admin.logentry", "pk": 7, "fields": {"action_time": "2023-07-09T21:29:32.803Z", "user": 4, "content_type": 11, "object_id": "4", "object_repr": "Платеж 3000.0 руб., от 2023-07-10 за Урок простейшие, курс биология  , transfer", "action_flag": 1, "change_message": "[{\"added\": {}}]"}}, {"model": "admin.logentry", "pk": 8, "fields": {"action_time": "2023-07-09T21:30:00.661Z", "user": 4, "content_type": 11, "object_id": "5", "object_repr": "Платеж 5000.0 руб., от 2023-07-10 за Курс физики , cash", "action_flag": 1, "change_message": "[{\"added\": {}}]"}}, {"model": "admin.logentry", "pk": 9, "fields": {"action_time": "2023-07-10T19:39:15.358Z", "user": 4, "content_type": 7, "object_id": "1", "object_repr": "Курс физики ", "action_flag": 2, "change_message": "[{\"changed\": {\"fields\": [\"\\u041f\\u0440\\u0435\\u0432\\u044c\\u044e \\u043a\\u0443\\u0440\\u0441\\u0430\"]}}]"}}, {"model": "admin.logentry", "pk": 10, "fields": {"action_time": "2023-07-10T19:39:29.336Z", "user": 4, "content_type": 7, "object_id": "2", "object_repr": "биология ", "action_flag": 2, "change_message": "[{\"changed\": {\"fields\": [\"\\u041f\\u0440\\u0435\\u0432\\u044c\\u044e \\u043a\\u0443\\u0440\\u0441\\u0430\"]}}]"}}, {"model": "admin.logentry", "pk": 11, "fields": {"action_time": "2023-07-10T19:40:02.392Z", "user": 4, "content_type": 7, "object_id": "3", "object_repr": "Математика ", "action_flag": 1, "change_message": "[{\"added\": {}}]"}}, {"model": "admin.logentry", "pk": 12, "fields": {"action_time": "2023-07-10T19:40:28.952Z", "user": 4, "content_type": 8, "object_id": "4", "object_repr": "Урок введение физику, курс Курс физики  ", "action_flag": 2, "change_message": "[{\"changed\": {\"fields\": [\"\\u0423\\u0440\\u043e\\u043a\"]}}]"}}, {"model": "admin.logentry", "pk": 13, "fields": {"action_time": "2023-07-10T19:40:40.741Z", "user": 4, "content_type": 8, "object_id": "3", "object_repr": "Урок введение алгебру, курс Математика  ", "action_flag": 2, "change_message": "[{\"changed\": {\"fields\": [\"\\u041a\\u0443\\u0440\\u0441\"]}}]"}}, {"model": "admin.logentry", "pk": 14, "fields": {"action_time": "2023-07-10T19:41:05.174Z", "user": 4, "content_type": 8, "object_id": "2", "object_repr": "Урок Системы уравнений, курс Математика  ", "action_flag": 2, "change_message": "[{\"changed\": {\"fields\": [\"\\u0423\\u0440\\u043e\\u043a\", \"\\u041e\\u043f\\u0438\\u0441\\u0430\\u043d\\u0438\\u0435 \\u0443\\u0440\\u043e\\u043a\\u0430\", \"\\u041a\\u0443\\u0440\\u0441\"]}}]"}}, {"model": "admin.logentry", "pk": 15, "fields": {"action_time": "2023-07-10T19:41:16.845Z", "user": 4, "content_type": 8, "object_id": "3", "object_repr": "Урок введение в алгебру, курс Математика  ", "action_flag": 2, "change_message": "[{\"changed\": {\"fields\": [\"\\u0423\\u0440\\u043e\\u043a\"]}}]"}}, {"model": "admin.logentry", "pk": 16, "fields": {"action_time": "2023-07-10T20:08:12.720Z", "user": 4, "content_type": 11, "object_id": "6", "object_repr": "Платеж 50000.0 руб., от 2023-07-10 за Курс физики , transfer", "action_flag": 1, "change_message": "[{\"added\": {}}]"}}, {"model": "admin.logentry", "pk": 17, "fields": {"action_time": "2023-07-10T22:05:06.958Z", "user": 4, "content_type": 11, "object_id": "7", "object_repr": "Платеж 120000.0 руб., от 2023-07-11 за биология , cash", "action_flag": 1, "change_message": "[{\"added\": {}}]"}}, {"model": "admin.logentry", "pk": 18, "fields": {"action_time": "2023-07-12T20:23:14.936Z", "user": 4, "content_type": 11, "object_id": "8", "object_repr": "Платеж 5000.0 руб., от 2023-07-12 за биология , cash", "action_flag": 1, "change_message": "[{\"added\": {}}]"}}, {"model": "admin.logentry", "pk": 19, "fields": {"action_time": "2023-07-12T20:23:42.647Z", "user": 4, "content_type": 11, "object_id": "9", "object_repr": "Платеж 5000.0 руб., от 2023-07-12 за Урок простейшие, курс биология  , cash", "action_flag": 1, "change_message": "[{\"added\": {}}]"}}, {"model": "admin.logentry", "pk": 20, "fields": {"action_time": "2023-07-15T07:05:26.667Z", "user": 4, "content_type": 3, "object_id": "1", "object_repr": "Manager", "action_flag": 1, "change_message": "[{\"added\": {}}]"}}, {"model": "admin.logentry", "pk": 21, "fields": {"action_time": "2023-07-15T07:05:45.058Z", "user": 4, "content_type": 6, "object_id": "5", "object_repr": "manager@manager.ru", "action_flag": 2, "change_message": "[{\"changed\": {\"fields\": [\"Groups\"]}}]"}}, {"model": "admin.logentry", "pk": 22, "fields": {"action_time": "2023-07-15T07:16:57.612Z", "user": 4, "content_type": 3, "object_id": "2", "object_repr": "Admin", "action_flag": 1, "change_message": "[{\"added\": {}}]"}}, {"model": "admin.logentry", "pk": 23, "fields": {"action_time": "2023-07-15T07:17:32.867Z", "user": 4, "content_type": 3, "object_id": "1", "object_repr": "Manager", "action_flag": 2, "change_message": "[{\"changed\": {\"fields\": [\"Permissions\"]}}]"}}, {"model": "admin.logentry", "pk": 24, "fields": {"action_time": "2023-07-15T08:32:15.983Z", "user": 4, "content_type": 9, "object_id": "1", "object_repr": "Volvo 2021", "action_flag": 2, "change_message": "[{\"changed\": {\"fields\": [\"\\u0412\\u043b\\u0430\\u0434\\u0435\\u043b\\u0435\\u0446\"]}}]"}}, {"model": "admin.logentry", "pk": 25, "fields": {"action_time": "2023-07-15T08:32:24.603Z", "user": 4, "content_type": 9, "object_id": "2", "object_repr": "BMW 2022", "action_flag": 2, "change_message": "[{\"changed\": {\"fields\": [\"\\u0412\\u043b\\u0430\\u0434\\u0435\\u043b\\u0435\\u0446\"]}}]"}}, {"model": "admin.logentry", "pk": 26, "fields": {"action_time": "2023-07-15T08:32:33.156Z", "user": 4, "content_type": 9, "object_id": "3", "object_repr": "KIA 2021", "action_flag": 2, "change_message": "[{\"changed\": {\"fields\": [\"\\u0412\\u043b\\u0430\\u0434\\u0435\\u043b\\u0435\\u0446\"]}}]"}}, {"model": "admin.logentry", "pk": 27, "fields": {"action_time": "2023-07-15T08:48:28.454Z", "user": 4, "content_type": 7, "object_id": "4", "object_repr": "Астрономия ", "action_flag": 1, "change_message": "[{\"added\": {}}]"}}, {"model": "admin.logentry", "pk": 28, "fields": {"action_time": "2023-07-15T08:53:42.453Z", "user": 4, "content_type": 7, "object_id": "1", "object_repr": "Курс физики ", "action_flag": 2, "change_message": "[{\"changed\": {\"fields\": [\"\\u0412\\u043b\\u0430\\u0434\\u0435\\u043b\\u0435\\u0446\"]}}]"}}, {"model": "admin.logentry", "pk": 29, "fields": {"action_time": "2023-07-15T09:11:00.440Z", "user": 4, "content_type": 8, "object_id": "7", "object_repr": "Урок многоклеточные, курс биология  ", "action_flag": 3, "change_message": ""}}, {"model": "admin.logentry", "pk": 30, "fields": {"action_time": "2023-07-16T07:04:48.642Z", "user": 4, "content_type": 7, "object_id": "3", "object_repr": "Математика ", "action_flag": 2, "change_message": "[{\"changed\": {\"fields\": [\"\\u0412\\u043b\\u0430\\u0434\\u0435\\u043b\\u0435\\u0446\"]}}]"}}, {"model": "admin.logentry", "pk": 31, "fields": {"action_time": "2023-07-16T09:59:48.567Z", "user": 4, "content_type": 8, "object_id": "10", "object_repr": "Урок многоклеточные, курс биология  ", "action_flag": 2, "change_message": "[{\"changed\": {\"fields\": [\"\\u041e\\u043f\\u0438\\u0441\\u0430\\u043d\\u0438\\u0435 \\u0443\\u0440\\u043e\\u043a\\u0430\"]}}]"}}, {"model": "admin.logentry", "pk": 32, "fields": {"action_time": "2023-07-16T10:00:00.398Z", "user": 4, "content_type": 8, "object_id": "4", "object_repr": "Урок введение физику, курс Курс физики  ", "action_flag": 2, "change_message": "[{\"changed\": {\"fields\": [\"\\u0412\\u043b\\u0430\\u0434\\u0435\\u043b\\u0435\\u0446\"]}}]"}}, {"model": "admin.logentry", "pk": 33, "fields": {"action_time": "2023-07-17T20:35:32.526Z", "user": 4, "content_type": 7, "object_id": "5", "object_repr": "Экономика ", "action_flag": 2, "change_message": "[{\"changed\": {\"fields\": [\"\\u0412\\u043b\\u0430\\u0434\\u0435\\u043b\\u0435\\u0446\"]}}]"}}, {"model": "admin.logentry", "pk": 34, "fields": {"action_time": "2023-07-17T20:35:46.654Z", "user": 4, "content_type": 7, "object_id": "4", "object_repr": "Астрономия ", "action_flag": 2, "change_message": "[{\"changed\": {\"fields\": [\"\\u0412\\u043b\\u0430\\u0434\\u0435\\u043b\\u0435\\u0446\"]}}]"}}, {"model": "admin.logentry", "pk": 35, "fields": {"action_time": "2023-07-17T20:35:56.493Z", "user": 4, "content_type": 7, "object_id": "2", "object_repr": "биология ", "action_flag": 2, "change_message": "[{\"changed\": {\"fields\": [\"\\u0412\\u043b\\u0430\\u0434\\u0435\\u043b\\u0435\\u0446\"]}}]"}}, {"model": "admin.logentry", "pk": 36, "fields": {"action_time": "2023-07-17T20:37:29.407Z", "user": 4, "content_type": 7, "object_id": "6", "object_repr": "Обществознание ", "action_flag": 1, "change_message": "[{\"added\": {}}]"}}, {"model": "admin.logentry", "pk": 37, "fields": {"action_time": "2023-07-17T20:37:45.826Z", "user": 4, "content_type": 7, "object_id": "6", "object_repr": "Обществознание ", "action_flag": 2, "change_message": "[{\"changed\": {\"fields\": [\"\\u0412\\u043b\\u0430\\u0434\\u0435\\u043b\\u0435\\u0446\"]}}]"}}, {"model": "admin.logentry", "pk": 38, "fields": {"action_time": "2023-07-17T20:42:48.581Z", "user": 4, "content_type": 7, "object_id": "7", "object_repr": "Уроки труда ", "action_flag": 1, "change_message": "[{\"added\": {}}]"}}, {"model": "admin.logentry", "pk": 39, "fields": {"action_time": "2023-07-17T20:43:31.586Z", "user": 4, "content_type": 7, "object_id": "8", "object_repr": "Физкультура ", "action_flag": 1, "change_message": "[{\"added\": {}}]"}}, {"model": "admin.logentry", "pk": 40, "fields": {"action_time": "2023-07-22T18:24:17.490Z", "user": 4, "content_type": 7, "object_id": "8", "object_repr": "Физкультура ", "action_flag": 2, "change_message": "[{\"changed\": {\"fields\": [\"\\u0412\\u043b\\u0430\\u0434\\u0435\\u043b\\u0435\\u0446\"]}}]"}}, {"model": "admin.logentry", "pk": 41, "fields": {"action_time": "2023-07-24T20:58:03.468Z", "user": 4, "content_type": 6, "object_id": "2", "object_repr": "fastfastpost@yandex.ru", "action_flag": 2, "change_message": "[{\"changed\": {\"fields\": [\"Password\", \"\\u041f\\u043e\\u0447\\u0442\\u0430\"]}}]"}}, {"model": "admin.logentry", "pk": 42, "fields": {"action_time": "2023-07-24T20:58:35.222Z", "user": 4, "content_type": 13, "object_id": "7", "object_repr": "Подписка fastfastpost@yandex.ru, курс \"Курс физики \"", "action_flag": 1, "change_message": "[{\"added\": {}}]"}}, {"model": "admin.logentry", "pk": 43, "fields": {"action_time": "2023-07-25T19:43:43.529Z", "user": 4, "content_type": 7, "object_id": "9", "object_repr": "Курс уроков физики ", "action_flag": 2, "change_message": "[{\"changed\": {\"fields\": [\"\\u0412\\u043b\\u0430\\u0434\\u0435\\u043b\\u0435\\u0446\"]}}]"}}, {"model": "admin.logentry", "pk": 44, "fields": {"action_time": "2023-07-25T20:05:21.769Z", "user": 4, "content_type": 7, "object_id": "4", "object_repr": "Астрономия ", "action_flag": 2, "change_message": "[{\"changed\": {\"fields\": [\"\\u0412\\u043b\\u0430\\u0434\\u0435\\u043b\\u0435\\u0446\"]}}]"}}, {"model": "admin.logentry", "pk": 45, "fields": {"action_time": "2023-07-25T20:09:26.771Z", "user": 4, "content_type": 7, "object_id": "4", "object_repr": "Астрономия4 ", "action_flag": 2, "change_message": "[{\"changed\": {\"fields\": [\"\\u041a\\u0443\\u0440\\u0441\"]}}]"}}, {"model": "admin.logentry", "pk": 46, "fields": {"action_time": "2023-07-25T20:09:38.098Z", "user": 4, "content_type": 13, "object_id": "7", "object_repr": "Подписка fastfastpost@yandex.ru, курс \"Астрономия4 \"", "action_flag": 2, "change_message": "[{\"changed\": {\"fields\": [\"Curs\"]}}]"}}, {"model": "admin.logentry", "pk": 47, "fields": {"action_time": "2023-08-01T17:46:15.989Z", "user": 4, "content_type": 8, "object_id": "19", "object_repr": "Урок беспозвоночные, курс Курс уроков биологии  ", "action_flag": 2, "change_message": "[{\"changed\": {\"fields\": [\"\\u0426\\u0435\\u043d\\u0430 \\u0443\\u0440\\u043e\\u043a\\u0430, \\u0440\\u0443\\u0431.\"]}}]"}}, {"model": "admin.logentry", "pk": 48, "fields": {"action_time": "2023-08-01T17:46:26.080Z", "user": 4, "content_type": 8, "object_id": "18", "object_repr": "Урок беспозвоночные, курс Курс уроков биологии  ", "action_flag": 2, "change_message": "[{\"changed\": {\"fields\": [\"\\u0426\\u0435\\u043d\\u0430 \\u0443\\u0440\\u043e\\u043a\\u0430, \\u0440\\u0443\\u0431.\"]}}]"}}, {"model": "admin.logentry", "pk": 49, "fields": {"action_time": "2023-08-01T17:46:50.652Z", "user": 4, "content_type": 8, "object_id": "17", "object_repr": "Урок беспозвоночные, курс Курс уроков биологии  ", "action_flag": 3, "change_message": ""}}, {"model": "admin.logentry", "pk": 50, "fields": {"action_time": "2023-08-01T17:46:50.693Z", "user": 4, "content_type": 8, "object_id": "16", "object_repr": "Урок беспозвоночные, курс Курс уроков биологии  ", "action_flag": 3, "change_message": ""}}, {"model": "admin.logentry", "pk": 51, "fields": {"action_time": "2023-08-01T17:46:50.697Z", "user": 4, "content_type": 8, "object_id": "15", "object_repr": "Урок беспозвоночные, курс Курс уроков биологии  ", "action_flag": 3, "change_message": ""}}, {"model": "admin.logentry", "pk": 52, "fields": {"action_time": "2023-08-01T17:46:50.701Z", "user": 4, "content_type": 8, "object_id": "14", "object_repr": "Урок беспозвоночные, курс Курс уроков биологии  ", "action_flag": 3, "change_message": ""}}, {"model": "admin.logentry", "pk": 53, "fields": {"action_time": "2023-08-01T17:47:00.124Z", "user": 4, "content_type": 8, "object_id": "13", "object_repr": "Урок простейшие, курс Курс уроков биологии  ", "action_flag": 2, "change_message": "[{\"changed\": {\"fields\": [\"\\u0426\\u0435\\u043d\\u0430 \\u0443\\u0440\\u043e\\u043a\\u0430, \\u0440\\u0443\\u0431.\"]}}]"}}, {"model": "admin.logentry", "pk": 54, "fields": {"action_time": "2023-08-01T17:47:08.118Z", "user": 4, "content_type": 8, "object_id": "12", "object_repr": "Урок млекопитающие, курс Курс уроков биологии  ", "action_flag": 2, "change_message": "[{\"changed\": {\"fields\": [\"\\u0426\\u0435\\u043d\\u0430 \\u0443\\u0440\\u043e\\u043a\\u0430, \\u0440\\u0443\\u0431.\"]}}]"}}, {"model": "admin.logentry", "pk": 55, "fields": {"action_time": "2023-08-01T17:47:15.231Z", "user": 4, "content_type": 8, "object_id": "9", "object_repr": "Урок введение в экономику, курс Астрономия  ", "action_flag": 2, "change_message": "[{\"changed\": {\"fields\": [\"\\u0426\\u0435\\u043d\\u0430 \\u0443\\u0440\\u043e\\u043a\\u0430, \\u0440\\u0443\\u0431.\"]}}]"}}, {"model": "admin.logentry", "pk": 56, "fields": {"action_time": "2023-08-01T17:47:28.136Z", "user": 4, "content_type": 8, "object_id": "2", "object_repr": "Урок Системы уравнений, курс Математика  ", "action_flag": 2, "change_message": "[{\"changed\": {\"fields\": [\"\\u0412\\u043b\\u0430\\u0434\\u0435\\u043b\\u0435\\u0446\", \"\\u0426\\u0435\\u043d\\u0430 \\u0443\\u0440\\u043e\\u043a\\u0430, \\u0440\\u0443\\u0431.\"]}}]"}}, {"model": "admin.logentry", "pk": 57, "fields": {"action_time": "2023-08-01T17:47:39.302Z", "user": 4, "content_type": 8, "object_id": "3", "object_repr": "Урок введение в алгебру, курс Математика  ", "action_flag": 2, "change_message": "[{\"changed\": {\"fields\": [\"\\u0412\\u043b\\u0430\\u0434\\u0435\\u043b\\u0435\\u0446\", \"\\u0426\\u0435\\u043d\\u0430 \\u0443\\u0440\\u043e\\u043a\\u0430, \\u0440\\u0443\\u0431.\"]}}]"}}, {"model": "admin.logentry", "pk": 58, "fields": {"action_time": "2023-08-01T17:48:23.503Z", "user": 4, "content_type": 7, "object_id": "1", "object_repr": "Астрономия ", "action_flag": 2, "change_message": "[{\"changed\": {\"fields\": [\"\\u0426\\u0435\\u043d\\u0430 \\u043a\\u0443\\u0440\\u0441\\u0430, \\u0440\\u0443\\u0431.\"]}}]"}}, {"model": "admin.logentry", "pk": 59, "fields": {"action_time": "2023-08-01T17:48:23.882Z", "user": 4, "content_type": 7, "object_id": "1", "object_repr": "Астрономия ", "action_flag": 2, "change_message": "[]"}}, {"model": "admin.logentry", "pk": 60, "fields": {"action_time": "2023-08-01T17:48:40.126Z", "user": 4, "content_type": 7, "object_id": "2", "object_repr": "Курс уроков биологии ", "action_flag": 2, "change_message": "[{\"changed\": {\"fields\": [\"\\u0426\\u0435\\u043d\\u0430 \\u043a\\u0443\\u0440\\u0441\\u0430, \\u0440\\u0443\\u0431.\"]}}]"}}, {"model": "admin.logentry", "pk": 61, "fields": {"action_time": "2023-08-01T17:48:48.494Z", "user": 4, "content_type": 7, "object_id": "3", "object_repr": "Математика ", "action_flag": 2, "change_message": "[{\"changed\": {\"fields\": [\"\\u0426\\u0435\\u043d\\u0430 \\u043a\\u0443\\u0440\\u0441\\u0430, \\u0440\\u0443\\u0431.\"]}}]"}}, {"model": "admin.logentry", "pk": 62, "fields": {"action_time": "2023-08-01T17:48:56.480Z", "user": 4, "content_type": 7, "object_id": "4", "object_repr": "Астрономия ", "action_flag": 2, "change_message": "[{\"changed\": {\"fields\": [\"\\u0426\\u0435\\u043d\\u0430 \\u043a\\u0443\\u0440\\u0441\\u0430, \\u0440\\u0443\\u0431.\"]}}]"}}, {"model": "admin.logentry", "pk": 63, "fields": {"action_time": "2023-08-01T17:49:04.508Z", "user": 4, "content_type": 7, "object_id": "5", "object_repr": "Экономика ", "action_flag": 2, "change_message": "[{\"changed\": {\"fields\": [\"\\u0426\\u0435\\u043d\\u0430 \\u043a\\u0443\\u0440\\u0441\\u0430, \\u0440\\u0443\\u0431.\"]}}]"}}, {"model": "admin.logentry", "pk": 64, "fields": {"action_time": "2023-08-01T17:49:12.146Z", "user": 4, "content_type": 7, "object_id": "6", "object_repr": "Обществознание ", "action_flag": 2, "change_message": "[{\"changed\": {\"fields\": [\"\\u0426\\u0435\\u043d\\u0430 \\u043a\\u0443\\u0440\\u0441\\u0430, \\u0440\\u0443\\u0431.\"]}}]"}}, {"model": "admin.logentry", "pk": 65, "fields": {"action_time": "2023-08-03T09:42:20.061Z", "user": 4, "content_type": 16, "object_id": "1", "object_repr": "каждые минут", "action_flag": 1, "change_message": "[{\"added\": {}}]"}}, {"model": "admin.logentry", "pk": 66, "fields": {"action_time": "2023-08-03T09:42:28.486Z", "user": 4, "content_type": 17, "object_id": "1", "object_repr": "filter: каждые минут", "action_flag": 1, "change_message": "[{\"added\": {}}]"}}, {"model": "admin.logentry", "pk": 67, "fields": {"action_time": "2023-08-03T09:57:39.783Z", "user": 4, "content_type": 17, "object_id": "1", "object_repr": "filter: каждые минут", "action_flag": 2, "change_message": "[{\"changed\": {\"fields\": [\"Start Datetime\"]}}]"}}, {"model": "admin.logentry", "pk": 68, "fields": {"action_time": "2023-08-03T10:03:23.779Z", "user": 4, "content_type": 17, "object_id": "2", "object_repr": "check_status_payment: каждые минут", "action_flag": 1, "change_message": "[{\"added\": {}}]"}}, {"model": "admin.logentry", "pk": 69, "fields": {"action_time": "2023-08-03T11:10:08.836Z", "user": 4, "content_type": 17, "object_id": "1", "object_repr": "filter: каждые минут", "action_flag": 2, "change_message": "[]"}}, {"model": "admin.logentry", "pk": 70, "fields": {"action_time": "2023-08-03T11:35:17.218Z", "user": 4, "content_type": 17, "object_id": "2", "object_repr": "check_status_payment: каждые минут", "action_flag": 2, "change_message": "[{\"changed\": {\"fields\": [\"Enabled\"]}}]"}}, {"model": "admin.logentry", "pk": 71, "fields": {"action_time": "2023-08-03T11:35:26.374Z", "user": 4, "content_type": 17, "object_id": "2", "object_repr": "check_status_payment: каждые минут", "action_flag": 2, "change_message": "[{\"changed\": {\"fields\": [\"Enabled\"]}}]"}}, {"model": "admin.logentry", "pk": 72, "fields": {"action_time": "2023-08-03T11:38:01.482Z", "user": 4, "content_type": 17, "object_id": "3", "object_repr": "check_filter: каждые минут", "action_flag": 1, "change_message": "[{\"added\": {}}]"}}, {"model": "admin.logentry", "pk": 73, "fields": {"action_time": "2023-08-03T11:43:33.994Z", "user": 4, "content_type": 17, "object_id": "1", "object_repr": "filter_car: каждые минут", "action_flag": 2, "change_message": "[{\"changed\": {\"fields\": [\"Name\"]}}]"}}, {"model": "admin.logentry", "pk": 74, "fields": {"action_time": "2023-08-03T11:44:42.555Z", "user": 4, "content_type": 17, "object_id": "1", "object_repr": "cars.tasks.check_milage: каждые минут", "action_flag": 2, "change_message": "[{\"changed\": {\"fields\": [\"Name\", \"Task (custom)\"]}}]"}}, {"model": "admin.logentry", "pk": 75, "fields": {"action_time": "2023-08-03T11:50:57.889Z", "user": 4, "content_type": 17, "object_id": "2", "object_repr": "check_status_payment: каждые минут", "action_flag": 2, "change_message": "[]"}}, {"model": "admin.logentry", "pk": 76, "fields": {"action_time": "2023-08-04T20:36:34.781Z", "user": 4, "content_type": 17, "object_id": "4", "object_repr": "user_auth.tasks.task_check_last_login: каждые минут", "action_flag": 1, "change_message": "[{\"added\": {}}]"}}, {"model": "admin.logentry", "pk": 77, "fields": {"action_time": "2023-08-05T07:42:10.446Z", "user": 4, "content_type": 7, "object_id": "7", "object_repr": "Уроки труда ", "action_flag": 2, "change_message": "[{\"changed\": {\"fields\": [\"\\u0412\\u043b\\u0430\\u0434\\u0435\\u043b\\u0435\\u0446\"]}}]"}}, {"model": "admin.logentry", "pk": 78, "fields": {"action_time": "2023-08-05T07:42:52.073Z", "user": 4, "content_type": 7, "object_id": "4", "object_repr": "Астрономия ", "action_flag": 2, "change_message": "[{\"changed\": {\"fields\": [\"\\u0412\\u043b\\u0430\\u0434\\u0435\\u043b\\u0435\\u0446\"]}}]"}}, {"model": "admin.logentry", "pk": 79, "fields": {"action_time": "2023-08-05T07:43:59.658Z", "user": 4, "content_type": 13, "object_id": "8", "object_repr": "Подписка fastpost@yandex.ru, курс \"Уроки труда \"", "action_flag": 1, "change_message": "[{\"added\": {}}]"}}, {"model": "admin.logentry", "pk": 80, "fields": {"action_time": "2023-08-05T10:09:46.140Z", "user": 4, "content_type": 17, "object_id": "3", "object_repr": "check_filter: каждые минут", "action_flag": 3, "change_message": ""}}, {"model": "admin.logentry", "pk": 81, "fields": {"action_time": "2023-08-05T10:09:46.235Z", "user": 4, "content_type": 17, "object_id": "1", "object_repr": "cars.tasks.check_milage: каждые минут", "action_flag": 3, "change_message": ""}}, {"model": "admin.logentry", "pk": 82, "fields": {"action_time": "2023-08-13T10:50:21.108Z", "user": 4, "content_type": 6, "object_id": "7", "object_repr": "fastpost@rambler.ru", "action_flag": 2, "change_message": "[{\"changed\": {\"fields\": [\"Active\", \"Date joined\"]}}]"}}, {"model": "admin.logentry", "pk": 83, "fields": {"action_time": "2023-08-18T16:30:41.288Z", "user": 4, "content_type": 17, "object_id": "2", "object_repr": "check_status_payment: каждые минут", "action_flag": 3, "change_message": ""}}, {"model": "admin.logentry", "pk": 84, "fields": {"action_time": "2023-08-18T16:31:08.818Z", "user": 4, "content_type": 17, "object_id": "6", "object_repr": "task-name: каждые 600 секунды", "action_flag": 3, "change_message": ""}}, {"model": "admin.logentry", "pk": 85, "fields": {"action_time": "2023-08-18T16:31:08.824Z", "user": 4, "content_type": 17, "object_id": "4", "object_repr": "user_auth.tasks.task_check_last_login: каждые минут", "action_flag": 3, "change_message": ""}}, {"model": "admin.logentry", "pk": 86, "fields": {"action_time": "2023-08-21T21:16:46.681Z", "user": 4, "content_type": 6, "object_id": "8", "object_repr": "fastpost@yandex.ru", "action_flag": 3, "change_message": ""}}, {"model": "admin.logentry", "pk": 87, "fields": {"action_time": "2023-08-21T21:16:46.874Z", "user": 4, "content_type": 6, "object_id": "7", "object_repr": "fastpost@rambler.ru", "action_flag": 3, "change_message": ""}}, {"model": "admin.logentry", "pk": 88, "fields": {"action_time": "2023-08-21T21:16:46.877Z", "user": 4, "content_type": 6, "object_id": "2", "object_repr": "fastfastpost@yandex.ru", "action_flag": 3, "change_message": ""}}, {"model": "admin.logentry", "pk": 89, "fields": {"action_time": "2023-08-21T21:17:49.575Z", "user": 4, "content_type": 6, "object_id": "8", "object_repr": "fastpost@yandex.ru", "action_flag": 3, "change_message": ""}}, {"model": "admin.logentry", "pk": 90, "fields": {"action_time": "2023-08-21T21:17:49.581Z", "user": 4, "content_type": 6, "object_id": "7", "object_repr": "fastpost@rambler.ru", "action_flag": 3, "change_message": ""}}, {"model": "admin.logentry", "pk": 91, "fields": {"action_time": "2023-08-21T21:18:12.944Z", "user": 4, "content_type": 6, "object_id": "2", "object_repr": "fast@yandex.ru", "action_flag": 2, "change_message": "[{\"changed\": {\"fields\": [\"\\u041f\\u043e\\u0447\\u0442\\u0430\"]}}]"}}, {"model": "admin.logentry", "pk": 92, "fields": {"action_time": "2023-08-24T21:21:41.194Z", "user": 4, "content_type": 6, "object_id": "2", "object_repr": "fast@yandex.ru", "action_flag": 2, "change_message": "[{\"changed\": {\"fields\": [\"\\u0422\\u0435\\u043b\\u0435\\u0444\\u043e\\u043d\"]}}]"}}, {"model": "admin.logentry", "pk": 93, "fields": {"action_time": "2023-08-24T21:21:55.143Z", "user": 4, "content_type": 6, "object_id": "4", "object_repr": "admin@admin.pro", "action_flag": 2, "change_message": "[{\"changed\": {\"fields\": [\"\\u0422\\u0435\\u043b\\u0435\\u0444\\u043e\\u043d\"]}}]"}}, {"model": "admin.logentry", "pk": 94, "fields": {"action_time": "2023-08-24T21:23:59.873Z", "user": 4, "content_type": 6, "object_id": "5", "object_repr": "manager@manager.ru", "action_flag": 2, "change_message": "[]"}}, {"model": "admin.logentry", "pk": 95, "fields": {"action_time": "2023-08-24T21:25:17.524Z", "user": 4, "content_type": 8, "object_id": "6", "object_repr": "Урок простейшие, курс Курс уроков биологии  ", "action_flag": 2, "change_message": "[]"}}, {"model": "admin.logentry", "pk": 96, "fields": {"action_time": "2023-08-24T21:25:18.198Z", "user": 4, "content_type": 8, "object_id": "6", "object_repr": "Урок простейшие, курс Курс уроков биологии  ", "action_flag": 2, "change_message": "[]"}}, {"model": "admin.logentry", "pk": 97, "fields": {"action_time": "2023-08-24T21:25:28.674Z", "user": 4, "content_type": 7, "object_id": "6", "object_repr": "Обществознание ", "action_flag": 2, "change_message": "[]"}}, {"model": "auth.group", "pk": 1, "fields": {"name": "Manager", "permissions": [26, 28, 30, 32, 42, 44]}}, {"model": "auth.group", "pk": 2, "fields": {"name": "Admin", "permissions": [25, 26, 27, 28, 29, 30, 31, 32, 41, 42, 43, 44]}}, {"model": "sessions.session", "pk": "44zwz9y2q6u849hbsbgb8wm6ieovuo9q", "fields": {"session_data": ".eJxVjDsOwjAQBe_iGlkbE_8o6XMGa-1d4wCypTipEHeHSCmgfTPzXiLgtpawdV7CTOIiRnH63SKmB9cd0B3rrcnU6rrMUe6KPGiXUyN-Xg_376BgL99aUSbwg4lWRzDZZUZvdLRnCyNnHlLUCiwxAWjM3qG1DsErpxURMIv3B_JFOD0:1qSBmV:7EEHShfaFRYhptPvanadGoxndkDxtGiJUCpmes9juFY", "expire_date": "2023-08-19T07:32:59.756Z"}}, {"model": "sessions.session", "pk": "781on7krcp8mm43ct886bio9sojqvqic", "fields": {"session_data": ".eJxVjDsOwjAQBe_iGlkbE_8o6XMGa-1d4wCypTipEHeHSCmgfTPzXiLgtpawdV7CTOIiRnH63SKmB9cd0B3rrcnU6rrMUe6KPGiXUyN-Xg_376BgL99aUSbwg4lWRzDZZUZvdLRnCyNnHlLUCiwxAWjM3qG1DsErpxURMIv3B_JFOD0:1qVe5H:VdqML_cYCnKgdjsjTfShfx6G_TGUJlnuUEjFL2lkT9M", "expire_date": "2023-08-28T20:22:39.549Z"}}, {"model": "sessions.session", "pk": "fp4iz7fqjlohsfc1jynl325nzqi5xdo6", "fields": {"session_data": ".eJxVjDsOwjAQBe_iGlkbE_8o6XMGa-1d4wCypTipEHeHSCmgfTPzXiLgtpawdV7CTOIiRnH63SKmB9cd0B3rrcnU6rrMUe6KPGiXUyN-Xg_376BgL99aUSbwg4lWRzDZZUZvdLRnCyNnHlLUCiwxAWjM3qG1DsErpxURMIv3B_JFOD0:1qIalK:Pf2ANm342dctOCsGFn4xJRemjVzj7DaFaPu4P1vgeyU", "expire_date": "2023-07-23T20:12:06.530Z"}}, {"model": "sessions.session", "pk": "l50w1lzqtxcyxzf8ejrupy1lag2z1ggs", "fields": {"session_data": ".eJxVjDsOwjAQBe_iGlkbE_8o6XMGa-1d4wCypTipEHeHSCmgfTPzXiLgtpawdV7CTOIiRnH63SKmB9cd0B3rrcnU6rrMUe6KPGiXUyN-Xg_376BgL99aUSbwg4lWRzDZZUZvdLRnCyNnHlLUCiwxAWjM3qG1DsErpxURMIv3B_JFOD0:1qX2EI:X6v1p3mo8j9-4ZcX672xdVMJHZ4jxtRijGMXtpMzsiw", "expire_date": "2023-09-01T16:21:42.886Z"}}, {"model": "sessions.session", "pk": "plh3b6yu5w8dm5ld7tlrs3phfj4yfkfn", "fields": {"session_data": ".eJxVjDsOwjAQBe_iGlkbE_8o6XMGa-1d4wCypTipEHeHSCmgfTPzXiLgtpawdV7CTOIiRnH63SKmB9cd0B3rrcnU6rrMUe6KPGiXUyN-Xg_376BgL99aUSbwg4lWRzDZZUZvdLRnCyNnHlLUCiwxAWjM3qG1DsErpxURMIv3B_JFOD0:1qS1TL:HMpP2g2TWisreei9GJrnlEzTz5WmMZpDTsJOxrCHrfA", "expire_date": "2023-08-18T20:32:31.594Z"}}, {"model": "sessions.session", "pk": "vrfuxpg9tf21qra5ajmil1voscxazvwv", "fields": {"session_data": ".eJxVjDsOwjAQBe_iGlkbE_8o6XMGa-1d4wCypTipEHeHSCmgfTPzXiLgtpawdV7CTOIiRnH63SKmB9cd0B3rrcnU6rrMUe6KPGiXUyN-Xg_376BgL99aUSbwg4lWRzDZZUZvdLRnCyNnHlLUCiwxAWjM3qG1DsErpxURMIv3B_JFOD0:1qYBZN:EmQ6mpLMf3S0zDFhFE7DXFm-2Jae_H7SQBcgdTJNkYE", "expire_date": "2023-09-04T20:32:13.132Z"}}, {"model": "sessions.session", "pk": "yl0twsgtq52h8naf15kaziye9fusm6yi", "fields": {"session_data": ".eJxVjDsOwjAQBe_iGlkbE_8o6XMGa-1d4wCypTipEHeHSCmgfTPzXiLgtpawdV7CTOIiRnH63SKmB9cd0B3rrcnU6rrMUe6KPGiXUyN-Xg_376BgL99aUSbwg4lWRzDZZUZvdLRnCyNnHlLUCiwxAWjM3qG1DsErpxURMIv3B_JFOD0:1qV8eQ:ft7lUB_J8nJP16xl_UXQbreuZBzJpuocYl9HIW5qL2c", "expire_date": "2023-08-27T10:48:50.569Z"}}, {"model": "django_celery_beat.intervalschedule", "pk": 1, "fields": {"every": 1, "period": "minutes"}}, {"model": "django_celery_beat.intervalschedule", "pk": 2, "fields": {"every": 600, "period": "seconds"}}, {"model": "django_celery_beat.crontabschedule", "pk": 1, "fields": {"minute": "0", "hour": "4", "day_of_week": "*", "day_of_month": "*", "month_of_year": "*", "timezone": "Europe/Moscow"}}, {"model": "django_celery_beat.periodictasks", "pk": 1, "fields": {"last_update": "2023-08-18T16:31:08.923Z"}}, {"model": "django_celery_beat.periodictask", "pk": 5, "fields": {"name": "celery.backend_cleanup", "task": "celery.backend_cleanup", "interval": null, "crontab": 1, "solar": null, "clocked": null, "args": "[]", "kwargs": "{}", "queue": null, "exchange": null, "routing_key": null, "headers": "{}", "priority": null, "expires": null, "expire_seconds": 43200, "one_off": false, "start_time": null, "enabled": true, "last_run_at": "2023-08-18T01:53:23.139Z", "total_run_count": 1, "date_changed": "2023-08-18T05:35:50.555Z", "description": ""}}, {"model": "user_auth.user", "pk": 1, "fields": {"password": "pbkdf2_sha256$600000$n3tNwugrrqJOj23JtpWZpJ$MSgIzQ+oo60ug6+8hWM+ulqGSpYON5NX3y5HrRrr5iM=", "last_login": "2023-08-04T19:41:40.119Z", "is_superuser": false, "first_name": "", "last_name": "", "is_staff": false, "is_active": false, "date_joined": "2023-07-08T21:13:47.322Z", "email": "example@example.com", "phone": "1234567890", "avatar": "", "country": "Country", "id_payment_method": null, "groups": [], "user_permissions": []}}, {"model": "user_auth.user", "pk": 2, "fields": {"password": "pbkdf2_sha256$600000$4yRMSZiQngQjU2mlzk5Zyj$+CVKzToj3w2M8g8gteDfNyhak50JXCrZ3a8/r5TcMUg=", "last_login": "2023-08-04T19:41:40Z", "is_superuser": false, "first_name": "", "last_name": "", "is_staff": false, "is_active": false, "date_joined": "2023-07-08T21:14:08Z", "email": "fast@yandex.ru", "phone": "1234567891", "avatar": "", "country": "Country", "id_payment_method": "pm_1NaaOnCmVj9tDYUUgUhT7k1b", "groups": [], "user_permissions": []}}, {"model": "user_auth.user", "pk": 3, "fields": {"password": "pbkdf2_sha256$600000$yAI4d1LD9EvZSNJ4vaRngD$A6UM8IyjYa3Wan4S/5EW5JAarkpKC6lo6G/p2ArpMzc=", "last_login": "2023-08-04T19:41:40.119Z", "is_superuser": false, "first_name": "", "last_name": "", "is_staff": false, "is_active": false, "date_joined": "2023-07-09T14:33:36.267Z", "email": "user1@mail.ru", "phone": "232123", "avatar": "", "country": "New Zeland", "id_payment_method": null, "groups": [], "user_permissions": []}}, {"model": "user_auth.user", "pk": 4, "fields": {"password": "pbkdf2_sha256$600000$oJlyOAqthoQV3MkWApsLDH$CIMG3On2v5D+e7Z7hXjN52/8w/SgbGqfUvsAEjXn/dc=", "last_login": "2023-08-21T20:32:12Z", "is_superuser": true, "first_name": "Admin", "last_name": "SuperAdmin", "is_staff": true, "is_active": true, "date_joined": "2023-07-09T20:11:50Z", "email": "admin@admin.pro", "phone": "121", "avatar": "", "country": null, "id_payment_method": null, "groups": [], "user_permissions": []}}, {"model": "user_auth.user", "pk": 5, "fields": {"password": "pbkdf2_sha256$600000$bo0TITjP2JczE5xz3FtXZu$4ivxbNX0ZgbUdHwrRcu1jxhi7YacVwdKt97edBMg/ew=", "last_login": null, "is_superuser": false, "first_name": "manager", "last_name": "moderator", "is_staff": true, "is_active": true, "date_joined": "2023-07-15T07:03:01Z", "email": "manager@manager.ru", "phone": null, "avatar": "", "country": null, "id_payment_method": null, "groups": [1], "user_permissions": []}}, {"model": "university.curs", "pk": 1, "fields": {"title": "Астрономия", "preview": "university/curs/physics.jpg", "description": "Уроки астрономии для школьников 10 класс.", "owner": 1, "amount": 5000.0}}, {"model": "university.curs", "pk": 2, "fields": {"title": "Курс уроков биологии", "preview": "university/curs/biology.jpg", "description": "Курс для 6-го класса", "owner": 3, "amount": 3500.0}}, {"model": "university.curs", "pk": 3, "fields": {"title": "Математика", "preview": "university/curs/math.jpg", "description": "Курс математики для школьников", "owner": 1, "amount": 2800.0}}, {"model": "university.curs", "pk": 4, "fields": {"title": "Астрономия", "preview": "", "description": "Уроки астрономии для школьников 10 класс/", "owner": null, "amount": 3500.0}}, {"model": "university.curs", "pk": 5, "fields": {"title": "Экономика", "preview": "", "description": "Курс экономики", "owner": 1, "amount": 3225.0}}, {"model": "university.curs", "pk": 6, "fields": {"title": "Обществознание", "preview": "", "description": "Курс для учеников начальной школы", "owner": 1, "amount": 5800.0}}, {"model": "university.curs", "pk": 7, "fields": {"title": "Уроки труда", "preview": "", "description": "Уроки труда для учеников 6-го класса", "owner": null, "amount": null}}, {"model": "university.curs", "pk": 8, "fields": {"title": "Физкультура", "preview": "", "description": "Уроки физкультуры", "owner": 3, "amount": null}}, {"model": "university.curs", "pk": 9, "fields": {"title": "Курс уроков физики", "preview": "", "description": "Курс для 7-го класса.", "owner": 2, "amount": null}}, {"model": "university.lesson", "pk": 2, "fields": {"title": "Системы уравнений", "description": "10-й урок", "preview": "", "url_video": null, "curs": 3, "owner": 3, "amount": 300.0}}, {"model": "university.lesson", "pk": 3, "fields": {"title": "введение в алгебру", "description": "1-й урок", "preview": "", "url_video": null, "curs": 3, "owner": 3, "amount": 250.0}}, {"model": "university.lesson", "pk": 4, "fields": {"title": "введение физику", "description": "1-й урок", "preview": "", "url_video": null, "curs": 1, "owner": 1, "amount": null}}, {"model": "university.lesson", "pk": 5, "fields": {"title": "одноклеточные", "description": "3-й урок", "preview": "", "url_video": null, "curs": 2, "owner": null, "amount": null}}, {"model": "university.lesson", "pk": 6, "fields": {"title": "простейшие", "description": "2-й урок", "preview": "", "url_video": null, "curs": 2, "owner": null, "amount": null}}, {"model": "university.lesson", "pk": 8, "fields": {"title": "введение в политологию", "description": "уроки для студентов 1-го курса", "preview": "", "url_video": null, "curs": 4, "owner": null, "amount": null}}, {"model": "university.lesson", "pk": 9, "fields": {"title": "введение в экономику", "description": "уроки для студентов 1-го курса", "preview": "", "url_video": null, "curs": 4, "owner": 1, "amount": 500.0}}, {"model": "university.lesson", "pk": 10, "fields": {"title": "многоклеточные", "description": "5-й урок", "preview": "", "url_video": null, "curs": 2, "owner": 1, "amount": null}}, {"model": "university.lesson", "pk": 11, "fields": {"title": "многоклеточные", "description": "4-й урок", "preview": "", "url_video": null, "curs": 2, "owner": 1, "amount": null}}, {"model": "university.lesson", "pk": 12, "fields": {"title": "млекопитающие", "description": "6-й урок", "preview": "", "url_video": "https://www.youtube.com/123/", "curs": 2, "owner": 3, "amount": 600.0}}, {"model": "university.lesson", "pk": 13, "fields": {"title": "простейшие", "description": "6-й урок", "preview": "", "url_video": "https://www.youtube.com/123/", "curs": 2, "owner": 3, "amount": 400.0}}, {"model": "university.lesson", "pk": 18, "fields": {"title": "беспозвоночные", "description": "7-й урок", "preview": "", "url_video": "https://my.sky.pro/student-cabinet/stream-lesson/60285/theory/2", "curs": 2, "owner": 3, "amount": 300.0}}, {"model": "university.lesson", "pk": 19, "fields": {"title": "беспозвоночные", "description": "7-й урок", "preview": "", "url_video": "https://www.youtube.com/123/", "curs": 2, "owner": 3, "amount": 300.0}}, {"model": "university.subscription", "pk": 1, "fields": {"user": 3, "curs": 1}}, {"model": "university.subscription", "pk": 2, "fields": {"user": 3, "curs": 2}}, {"model": "university.subscription", "pk": 4, "fields": {"user": 3, "curs": 3}}, {"model": "university.subscription", "pk": 5, "fields": {"user": 3, "curs": 4}}, {"model": "university.subscription", "pk": 7, "fields": {"user": 2, "curs": 4}}, {"model": "payments.paying", "pk": 1, "fields": {"user": 1, "date_pay": "2023-07-30", "paid_for_curs": 1, "paid_for_lesson": null, "amount": 1000.0, "payment_method": "card", "id_intent": null, "status": null}}, {"model": "payments.paying", "pk": 2, "fields": {"user": 1, "date_pay": "2023-08-05", "paid_for_curs": 1, "paid_for_lesson": null, "amount": 1000.0, "payment_method": "card", "id_intent": "pi_3NZf3ECmVj9tDYUU1YEPXQsC", "status": "requires_payment_method"}}, {"model": "payments.paying", "pk": 3, "fields": {"user": 1, "date_pay": "2023-08-02", "paid_for_curs": 1, "paid_for_lesson": null, "amount": 1000.0, "payment_method": "card", "id_intent": "pi_3NZgc9CmVj9tDYUU1E1zNPn4", "status": "succeeded"}}, {"model": "payments.paying", "pk": 4, "fields": {"user": 1, "date_pay": "2023-08-05", "paid_for_curs": 1, "paid_for_lesson": null, "amount": 1000.0, "payment_method": "card", "id_intent": "pi_3NZgt5CmVj9tDYUU1lRYaro9", "status": "requires_payment_method"}}, {"model": "payments.paying", "pk": 5, "fields": {"user": 1, "date_pay": "2023-08-05", "paid_for_curs": 1, "paid_for_lesson": null, "amount": 1000.0, "payment_method": "card", "id_intent": "pi_3NZoatCmVj9tDYUU0X0j4OSU", "status": "requires_payment_method"}}, {"model": "payments.paying", "pk": 6, "fields": {"user": 1, "date_pay": "2023-08-05", "paid_for_curs": 1, "paid_for_lesson": null, "amount": 1000.0, "payment_method": "card", "id_intent": "pi_3NZoiBCmVj9tDYUU10lIbJGF", "status": "requires_payment_method"}}, {"model": "payments.paying", "pk": 7, "fields": {"user": 2, "date_pay": "2023-08-01", "paid_for_curs": null, "paid_for_lesson": null, "amount": 10000.0, "payment_method": "transfer", "id_intent": null, "status": null}}, {"model": "payments.paying", "pk": 8, "fields": {"user": 2, "date_pay": "2023-08-05", "paid_for_curs": 1, "paid_for_lesson": null, "amount": 5000.0, "payment_method": "card", "id_intent": "pi_3NaNNSCmVj9tDYUU0R6hTKNB", "status": "requires_payment_method"}}, {"model": "payments.paying", "pk": 9, "fields": {"user": 2, "date_pay": "2023-08-02", "paid_for_curs": 1, "paid_for_lesson": null, "amount": 5000.0, "payment_method": "card", "id_intent": "pi_3NaNOZCmVj9tDYUU1SFeMeXg", "status": "succeeded"}}, {"model": "payments.paying", "pk": 10, "fields": {"user": 2, "date_pay": "2023-08-02", "paid_for_curs": null, "paid_for_lesson": 2, "amount": 300.0, "payment_method": "card", "id_intent": "pi_3NaNOlCmVj9tDYUU1CJ9nP4c", "status": "succeeded"}}, {"model": "payments.paying", "pk": 14, "fields": {"user": 2, "date_pay": "2023-08-05", "paid_for_curs": 5, "paid_for_lesson": null, "amount": 3225.0, "payment_method": "card", "id_intent": "pi_3NaaBcCmVj9tDYUU0FaqyMfQ", "status": "requires_payment_method"}}, {"model": "payments.paying", "pk": 15, "fields": {"user": 2, "date_pay": "2023-08-05", "paid_for_curs": 5, "paid_for_lesson": null, "amount": 3225.0, "payment_method": "card", "id_intent": "pi_3NaaIFCmVj9tDYUU0dQFjss8", "status": "requires_payment_method"}}, {"model": "payments.paying", "pk": 16, "fields": {"user": 2, "date_pay": "2023-08-02", "paid_for_curs": 5, "paid_for_lesson": null, "amount": 3225.0, "payment_method": "card", "id_intent": "pi_3NaaKlCmVj9tDYUU1yniKg66", "status": "succeeded"}}]