--
-- PostgreSQL database dump
--

-- Dumped from database version 15.2
-- Dumped by pg_dump version 15.2

SET statement_timeout = 0;
SET lock_timeout = 0;
SET idle_in_transaction_session_timeout = 0;
SET client_encoding = 'UTF8';
SET standard_conforming_strings = on;
SELECT pg_catalog.set_config('search_path', '', false);
SET check_function_bodies = false;
SET xmloption = content;
SET client_min_messages = warning;
SET row_security = off;

SET default_tablespace = '';

SET default_table_access_method = heap;

--
-- Name: auth_group; Type: TABLE; Schema: public; Owner: postgres
--

CREATE TABLE public.auth_group (
    id integer NOT NULL,
    name character varying(150) NOT NULL
);


ALTER TABLE public.auth_group OWNER TO postgres;

--
-- Name: auth_group_id_seq; Type: SEQUENCE; Schema: public; Owner: postgres
--

ALTER TABLE public.auth_group ALTER COLUMN id ADD GENERATED BY DEFAULT AS IDENTITY (
    SEQUENCE NAME public.auth_group_id_seq
    START WITH 1
    INCREMENT BY 1
    NO MINVALUE
    NO MAXVALUE
    CACHE 1
);


--
-- Name: auth_group_permissions; Type: TABLE; Schema: public; Owner: postgres
--

CREATE TABLE public.auth_group_permissions (
    id bigint NOT NULL,
    group_id integer NOT NULL,
    permission_id integer NOT NULL
);


ALTER TABLE public.auth_group_permissions OWNER TO postgres;

--
-- Name: auth_group_permissions_id_seq; Type: SEQUENCE; Schema: public; Owner: postgres
--

ALTER TABLE public.auth_group_permissions ALTER COLUMN id ADD GENERATED BY DEFAULT AS IDENTITY (
    SEQUENCE NAME public.auth_group_permissions_id_seq
    START WITH 1
    INCREMENT BY 1
    NO MINVALUE
    NO MAXVALUE
    CACHE 1
);


--
-- Name: auth_permission; Type: TABLE; Schema: public; Owner: postgres
--

CREATE TABLE public.auth_permission (
    id integer NOT NULL,
    name character varying(255) NOT NULL,
    content_type_id integer NOT NULL,
    codename character varying(100) NOT NULL
);


ALTER TABLE public.auth_permission OWNER TO postgres;

--
-- Name: auth_permission_id_seq; Type: SEQUENCE; Schema: public; Owner: postgres
--

ALTER TABLE public.auth_permission ALTER COLUMN id ADD GENERATED BY DEFAULT AS IDENTITY (
    SEQUENCE NAME public.auth_permission_id_seq
    START WITH 1
    INCREMENT BY 1
    NO MINVALUE
    NO MAXVALUE
    CACHE 1
);


--
-- Name: django_admin_log; Type: TABLE; Schema: public; Owner: postgres
--

CREATE TABLE public.django_admin_log (
    id integer NOT NULL,
    action_time timestamp with time zone NOT NULL,
    object_id text,
    object_repr character varying(200) NOT NULL,
    action_flag smallint NOT NULL,
    change_message text NOT NULL,
    content_type_id integer,
    user_id bigint NOT NULL,
    CONSTRAINT django_admin_log_action_flag_check CHECK ((action_flag >= 0))
);


ALTER TABLE public.django_admin_log OWNER TO postgres;

--
-- Name: django_admin_log_id_seq; Type: SEQUENCE; Schema: public; Owner: postgres
--

ALTER TABLE public.django_admin_log ALTER COLUMN id ADD GENERATED BY DEFAULT AS IDENTITY (
    SEQUENCE NAME public.django_admin_log_id_seq
    START WITH 1
    INCREMENT BY 1
    NO MINVALUE
    NO MAXVALUE
    CACHE 1
);


--
-- Name: django_celery_beat_clockedschedule; Type: TABLE; Schema: public; Owner: postgres
--

CREATE TABLE public.django_celery_beat_clockedschedule (
    id integer NOT NULL,
    clocked_time timestamp with time zone NOT NULL
);


ALTER TABLE public.django_celery_beat_clockedschedule OWNER TO postgres;

--
-- Name: django_celery_beat_clockedschedule_id_seq; Type: SEQUENCE; Schema: public; Owner: postgres
--

ALTER TABLE public.django_celery_beat_clockedschedule ALTER COLUMN id ADD GENERATED BY DEFAULT AS IDENTITY (
    SEQUENCE NAME public.django_celery_beat_clockedschedule_id_seq
    START WITH 1
    INCREMENT BY 1
    NO MINVALUE
    NO MAXVALUE
    CACHE 1
);


--
-- Name: django_celery_beat_crontabschedule; Type: TABLE; Schema: public; Owner: postgres
--

CREATE TABLE public.django_celery_beat_crontabschedule (
    id integer NOT NULL,
    minute character varying(240) NOT NULL,
    hour character varying(96) NOT NULL,
    day_of_week character varying(64) NOT NULL,
    day_of_month character varying(124) NOT NULL,
    month_of_year character varying(64) NOT NULL,
    timezone character varying(63) NOT NULL
);


ALTER TABLE public.django_celery_beat_crontabschedule OWNER TO postgres;

--
-- Name: django_celery_beat_crontabschedule_id_seq; Type: SEQUENCE; Schema: public; Owner: postgres
--

ALTER TABLE public.django_celery_beat_crontabschedule ALTER COLUMN id ADD GENERATED BY DEFAULT AS IDENTITY (
    SEQUENCE NAME public.django_celery_beat_crontabschedule_id_seq
    START WITH 1
    INCREMENT BY 1
    NO MINVALUE
    NO MAXVALUE
    CACHE 1
);


--
-- Name: django_celery_beat_intervalschedule; Type: TABLE; Schema: public; Owner: postgres
--

CREATE TABLE public.django_celery_beat_intervalschedule (
    id integer NOT NULL,
    every integer NOT NULL,
    period character varying(24) NOT NULL
);


ALTER TABLE public.django_celery_beat_intervalschedule OWNER TO postgres;

--
-- Name: django_celery_beat_intervalschedule_id_seq; Type: SEQUENCE; Schema: public; Owner: postgres
--

ALTER TABLE public.django_celery_beat_intervalschedule ALTER COLUMN id ADD GENERATED BY DEFAULT AS IDENTITY (
    SEQUENCE NAME public.django_celery_beat_intervalschedule_id_seq
    START WITH 1
    INCREMENT BY 1
    NO MINVALUE
    NO MAXVALUE
    CACHE 1
);


--
-- Name: django_celery_beat_periodictask; Type: TABLE; Schema: public; Owner: postgres
--

CREATE TABLE public.django_celery_beat_periodictask (
    id integer NOT NULL,
    name character varying(200) NOT NULL,
    task character varying(200) NOT NULL,
    args text NOT NULL,
    kwargs text NOT NULL,
    queue character varying(200),
    exchange character varying(200),
    routing_key character varying(200),
    expires timestamp with time zone,
    enabled boolean NOT NULL,
    last_run_at timestamp with time zone,
    total_run_count integer NOT NULL,
    date_changed timestamp with time zone NOT NULL,
    description text NOT NULL,
    crontab_id integer,
    interval_id integer,
    solar_id integer,
    one_off boolean NOT NULL,
    start_time timestamp with time zone,
    priority integer,
    headers text NOT NULL,
    clocked_id integer,
    expire_seconds integer,
    CONSTRAINT django_celery_beat_periodictask_expire_seconds_check CHECK ((expire_seconds >= 0)),
    CONSTRAINT django_celery_beat_periodictask_priority_check CHECK ((priority >= 0)),
    CONSTRAINT django_celery_beat_periodictask_total_run_count_check CHECK ((total_run_count >= 0))
);


ALTER TABLE public.django_celery_beat_periodictask OWNER TO postgres;

--
-- Name: django_celery_beat_periodictask_id_seq; Type: SEQUENCE; Schema: public; Owner: postgres
--

ALTER TABLE public.django_celery_beat_periodictask ALTER COLUMN id ADD GENERATED BY DEFAULT AS IDENTITY (
    SEQUENCE NAME public.django_celery_beat_periodictask_id_seq
    START WITH 1
    INCREMENT BY 1
    NO MINVALUE
    NO MAXVALUE
    CACHE 1
);


--
-- Name: django_celery_beat_periodictasks; Type: TABLE; Schema: public; Owner: postgres
--

CREATE TABLE public.django_celery_beat_periodictasks (
    ident smallint NOT NULL,
    last_update timestamp with time zone NOT NULL
);


ALTER TABLE public.django_celery_beat_periodictasks OWNER TO postgres;

--
-- Name: django_celery_beat_solarschedule; Type: TABLE; Schema: public; Owner: postgres
--

CREATE TABLE public.django_celery_beat_solarschedule (
    id integer NOT NULL,
    event character varying(24) NOT NULL,
    latitude numeric(9,6) NOT NULL,
    longitude numeric(9,6) NOT NULL
);


ALTER TABLE public.django_celery_beat_solarschedule OWNER TO postgres;

--
-- Name: django_celery_beat_solarschedule_id_seq; Type: SEQUENCE; Schema: public; Owner: postgres
--

ALTER TABLE public.django_celery_beat_solarschedule ALTER COLUMN id ADD GENERATED BY DEFAULT AS IDENTITY (
    SEQUENCE NAME public.django_celery_beat_solarschedule_id_seq
    START WITH 1
    INCREMENT BY 1
    NO MINVALUE
    NO MAXVALUE
    CACHE 1
);


--
-- Name: django_content_type; Type: TABLE; Schema: public; Owner: postgres
--

CREATE TABLE public.django_content_type (
    id integer NOT NULL,
    app_label character varying(100) NOT NULL,
    model character varying(100) NOT NULL
);


ALTER TABLE public.django_content_type OWNER TO postgres;

--
-- Name: django_content_type_id_seq; Type: SEQUENCE; Schema: public; Owner: postgres
--

ALTER TABLE public.django_content_type ALTER COLUMN id ADD GENERATED BY DEFAULT AS IDENTITY (
    SEQUENCE NAME public.django_content_type_id_seq
    START WITH 1
    INCREMENT BY 1
    NO MINVALUE
    NO MAXVALUE
    CACHE 1
);


--
-- Name: django_migrations; Type: TABLE; Schema: public; Owner: postgres
--

CREATE TABLE public.django_migrations (
    id bigint NOT NULL,
    app character varying(255) NOT NULL,
    name character varying(255) NOT NULL,
    applied timestamp with time zone NOT NULL
);


ALTER TABLE public.django_migrations OWNER TO postgres;

--
-- Name: django_migrations_id_seq; Type: SEQUENCE; Schema: public; Owner: postgres
--

ALTER TABLE public.django_migrations ALTER COLUMN id ADD GENERATED BY DEFAULT AS IDENTITY (
    SEQUENCE NAME public.django_migrations_id_seq
    START WITH 1
    INCREMENT BY 1
    NO MINVALUE
    NO MAXVALUE
    CACHE 1
);


--
-- Name: django_session; Type: TABLE; Schema: public; Owner: postgres
--

CREATE TABLE public.django_session (
    session_key character varying(40) NOT NULL,
    session_data text NOT NULL,
    expire_date timestamp with time zone NOT NULL
);


ALTER TABLE public.django_session OWNER TO postgres;

--
-- Name: payments_paying; Type: TABLE; Schema: public; Owner: postgres
--

CREATE TABLE public.payments_paying (
    id bigint NOT NULL,
    date_pay date NOT NULL,
    amount double precision,
    payment_method character varying(15) NOT NULL,
    id_intent character varying(50),
    status character varying(200),
    paid_for_curs_id bigint,
    paid_for_lesson_id bigint,
    user_id bigint NOT NULL
);


ALTER TABLE public.payments_paying OWNER TO postgres;

--
-- Name: payments_paying_id_seq; Type: SEQUENCE; Schema: public; Owner: postgres
--

ALTER TABLE public.payments_paying ALTER COLUMN id ADD GENERATED BY DEFAULT AS IDENTITY (
    SEQUENCE NAME public.payments_paying_id_seq
    START WITH 1
    INCREMENT BY 1
    NO MINVALUE
    NO MAXVALUE
    CACHE 1
);


--
-- Name: university_curs; Type: TABLE; Schema: public; Owner: postgres
--

CREATE TABLE public.university_curs (
    id bigint NOT NULL,
    title character varying(128) NOT NULL,
    preview character varying(100),
    description text,
    amount double precision,
    owner_id bigint
);


ALTER TABLE public.university_curs OWNER TO postgres;

--
-- Name: university_curs_id_seq; Type: SEQUENCE; Schema: public; Owner: postgres
--

ALTER TABLE public.university_curs ALTER COLUMN id ADD GENERATED BY DEFAULT AS IDENTITY (
    SEQUENCE NAME public.university_curs_id_seq
    START WITH 1
    INCREMENT BY 1
    NO MINVALUE
    NO MAXVALUE
    CACHE 1
);


--
-- Name: university_lesson; Type: TABLE; Schema: public; Owner: postgres
--

CREATE TABLE public.university_lesson (
    id bigint NOT NULL,
    title character varying(128) NOT NULL,
    description text,
    preview character varying(100),
    url_video character varying(200),
    amount double precision,
    curs_id bigint,
    owner_id bigint
);


ALTER TABLE public.university_lesson OWNER TO postgres;

--
-- Name: university_lesson_id_seq; Type: SEQUENCE; Schema: public; Owner: postgres
--

ALTER TABLE public.university_lesson ALTER COLUMN id ADD GENERATED BY DEFAULT AS IDENTITY (
    SEQUENCE NAME public.university_lesson_id_seq
    START WITH 1
    INCREMENT BY 1
    NO MINVALUE
    NO MAXVALUE
    CACHE 1
);


--
-- Name: university_subscription; Type: TABLE; Schema: public; Owner: postgres
--

CREATE TABLE public.university_subscription (
    id bigint NOT NULL,
    curs_id bigint NOT NULL,
    user_id bigint NOT NULL
);


ALTER TABLE public.university_subscription OWNER TO postgres;

--
-- Name: university_subscription_id_seq; Type: SEQUENCE; Schema: public; Owner: postgres
--

ALTER TABLE public.university_subscription ALTER COLUMN id ADD GENERATED BY DEFAULT AS IDENTITY (
    SEQUENCE NAME public.university_subscription_id_seq
    START WITH 1
    INCREMENT BY 1
    NO MINVALUE
    NO MAXVALUE
    CACHE 1
);


--
-- Name: user_auth_user; Type: TABLE; Schema: public; Owner: postgres
--

CREATE TABLE public.user_auth_user (
    id bigint NOT NULL,
    password character varying(128) NOT NULL,
    last_login timestamp with time zone,
    is_superuser boolean NOT NULL,
    first_name character varying(150) NOT NULL,
    last_name character varying(150) NOT NULL,
    is_staff boolean NOT NULL,
    is_active boolean NOT NULL,
    date_joined timestamp with time zone NOT NULL,
    email character varying(254) NOT NULL,
    phone character varying(35),
    avatar character varying(100),
    country character varying(150),
    id_payment_method character varying(150)
);


ALTER TABLE public.user_auth_user OWNER TO postgres;

--
-- Name: user_auth_user_groups; Type: TABLE; Schema: public; Owner: postgres
--

CREATE TABLE public.user_auth_user_groups (
    id bigint NOT NULL,
    user_id bigint NOT NULL,
    group_id integer NOT NULL
);


ALTER TABLE public.user_auth_user_groups OWNER TO postgres;

--
-- Name: user_auth_user_groups_id_seq; Type: SEQUENCE; Schema: public; Owner: postgres
--

ALTER TABLE public.user_auth_user_groups ALTER COLUMN id ADD GENERATED BY DEFAULT AS IDENTITY (
    SEQUENCE NAME public.user_auth_user_groups_id_seq
    START WITH 1
    INCREMENT BY 1
    NO MINVALUE
    NO MAXVALUE
    CACHE 1
);


--
-- Name: user_auth_user_id_seq; Type: SEQUENCE; Schema: public; Owner: postgres
--

ALTER TABLE public.user_auth_user ALTER COLUMN id ADD GENERATED BY DEFAULT AS IDENTITY (
    SEQUENCE NAME public.user_auth_user_id_seq
    START WITH 1
    INCREMENT BY 1
    NO MINVALUE
    NO MAXVALUE
    CACHE 1
);


--
-- Name: user_auth_user_user_permissions; Type: TABLE; Schema: public; Owner: postgres
--

CREATE TABLE public.user_auth_user_user_permissions (
    id bigint NOT NULL,
    user_id bigint NOT NULL,
    permission_id integer NOT NULL
);


ALTER TABLE public.user_auth_user_user_permissions OWNER TO postgres;

--
-- Name: user_auth_user_user_permissions_id_seq; Type: SEQUENCE; Schema: public; Owner: postgres
--

ALTER TABLE public.user_auth_user_user_permissions ALTER COLUMN id ADD GENERATED BY DEFAULT AS IDENTITY (
    SEQUENCE NAME public.user_auth_user_user_permissions_id_seq
    START WITH 1
    INCREMENT BY 1
    NO MINVALUE
    NO MAXVALUE
    CACHE 1
);


--
-- Data for Name: auth_group; Type: TABLE DATA; Schema: public; Owner: postgres
--

COPY public.auth_group (id, name) FROM stdin;
\.


--
-- Data for Name: auth_group_permissions; Type: TABLE DATA; Schema: public; Owner: postgres
--

COPY public.auth_group_permissions (id, group_id, permission_id) FROM stdin;
\.


--
-- Data for Name: auth_permission; Type: TABLE DATA; Schema: public; Owner: postgres
--

COPY public.auth_permission (id, name, content_type_id, codename) FROM stdin;
1	Can add log entry	1	add_logentry
2	Can change log entry	1	change_logentry
3	Can delete log entry	1	delete_logentry
4	Can view log entry	1	view_logentry
5	Can add permission	2	add_permission
6	Can change permission	2	change_permission
7	Can delete permission	2	delete_permission
8	Can view permission	2	view_permission
9	Can add group	3	add_group
10	Can change group	3	change_group
11	Can delete group	3	delete_group
12	Can view group	3	view_group
13	Can add content type	4	add_contenttype
14	Can change content type	4	change_contenttype
15	Can delete content type	4	delete_contenttype
16	Can view content type	4	view_contenttype
17	Can add session	5	add_session
18	Can change session	5	change_session
19	Can delete session	5	delete_session
20	Can view session	5	view_session
21	Can add crontab	6	add_crontabschedule
22	Can change crontab	6	change_crontabschedule
23	Can delete crontab	6	delete_crontabschedule
24	Can view crontab	6	view_crontabschedule
25	Can add interval	7	add_intervalschedule
26	Can change interval	7	change_intervalschedule
27	Can delete interval	7	delete_intervalschedule
28	Can view interval	7	view_intervalschedule
29	Can add periodic task	8	add_periodictask
30	Can change periodic task	8	change_periodictask
31	Can delete periodic task	8	delete_periodictask
32	Can view periodic task	8	view_periodictask
33	Can add periodic tasks	9	add_periodictasks
34	Can change periodic tasks	9	change_periodictasks
35	Can delete periodic tasks	9	delete_periodictasks
36	Can view periodic tasks	9	view_periodictasks
37	Can add solar event	10	add_solarschedule
38	Can change solar event	10	change_solarschedule
39	Can delete solar event	10	delete_solarschedule
40	Can view solar event	10	view_solarschedule
41	Can add clocked	11	add_clockedschedule
42	Can change clocked	11	change_clockedschedule
43	Can delete clocked	11	delete_clockedschedule
44	Can view clocked	11	view_clockedschedule
45	Can add user	12	add_user
46	Can change user	12	change_user
47	Can delete user	12	delete_user
48	Can view user	12	view_user
49	Can add курс	13	add_curs
50	Can change курс	13	change_curs
51	Can delete курс	13	delete_curs
52	Can view курс	13	view_curs
53	Can add урок	14	add_lesson
54	Can change урок	14	change_lesson
55	Can delete урок	14	delete_lesson
56	Can view урок	14	view_lesson
57	Can add Подписка	15	add_subscription
58	Can change Подписка	15	change_subscription
59	Can delete Подписка	15	delete_subscription
60	Can view Подписка	15	view_subscription
61	Can add платеж	16	add_paying
62	Can change платеж	16	change_paying
63	Can delete платеж	16	delete_paying
64	Can view платеж	16	view_paying
\.


--
-- Data for Name: django_admin_log; Type: TABLE DATA; Schema: public; Owner: postgres
--

COPY public.django_admin_log (id, action_time, object_id, object_repr, action_flag, change_message, content_type_id, user_id) FROM stdin;
1	2023-08-25 23:38:31.951667+03	1	Биология 	1	[{"added": {}}]	13	1
2	2023-08-25 23:39:08.313097+03	2	Астрономия 	1	[{"added": {}}]	13	1
3	2023-08-25 23:39:26.021141+03	1	Подписка user@user.ru, курс "Биология "	1	[{"added": {}}]	15	1
4	2023-08-25 23:40:05.12514+03	1	Урок Биология. Введение, курс Биология  	1	[{"added": {}}]	14	1
5	2023-08-25 23:40:46.521134+03	2	Урок Астрономия. Знакомство., курс Биология  	1	[{"added": {}}]	14	1
6	2023-08-25 23:42:47.68453+03	1	каждые 5 минуты	1	[{"added": {}}]	7	1
7	2023-08-25 23:43:22.44439+03	1	check_status: каждые 5 минуты	1	[{"added": {}}]	8	1
8	2023-08-25 23:44:14.46093+03	1	Платеж 30000.0 руб., от 2023-08-25 за Биология , transfer, None	1	[{"added": {}}]	16	1
9	2023-08-25 23:44:56.333955+03	1	Платеж 3000.0 руб., от 2023-08-25 за Биология , transfer, None	2	[{"changed": {"fields": ["\\u0421\\u0443\\u043c\\u043c\\u044b \\u043e\\u043f\\u043b\\u0430\\u0442\\u044b, \\u0440\\u0443\\u0431."]}}]	16	1
10	2023-08-25 23:50:30.644851+03	4	client1@client.cl	1	[{"added": {}}]	12	1
\.


--
-- Data for Name: django_celery_beat_clockedschedule; Type: TABLE DATA; Schema: public; Owner: postgres
--

COPY public.django_celery_beat_clockedschedule (id, clocked_time) FROM stdin;
\.


--
-- Data for Name: django_celery_beat_crontabschedule; Type: TABLE DATA; Schema: public; Owner: postgres
--

COPY public.django_celery_beat_crontabschedule (id, minute, hour, day_of_week, day_of_month, month_of_year, timezone) FROM stdin;
\.


--
-- Data for Name: django_celery_beat_intervalschedule; Type: TABLE DATA; Schema: public; Owner: postgres
--

COPY public.django_celery_beat_intervalschedule (id, every, period) FROM stdin;
1	5	minutes
\.


--
-- Data for Name: django_celery_beat_periodictask; Type: TABLE DATA; Schema: public; Owner: postgres
--

COPY public.django_celery_beat_periodictask (id, name, task, args, kwargs, queue, exchange, routing_key, expires, enabled, last_run_at, total_run_count, date_changed, description, crontab_id, interval_id, solar_id, one_off, start_time, priority, headers, clocked_id, expire_seconds) FROM stdin;
1	check_status	user_auth.check_status	[]	{}	\N	\N	\N	\N	t	\N	0	2023-08-25 23:43:22.265412+03	проверка статуса	\N	1	\N	f	2023-08-25 23:42:52+03	\N	{}	\N	\N
\.


--
-- Data for Name: django_celery_beat_periodictasks; Type: TABLE DATA; Schema: public; Owner: postgres
--

COPY public.django_celery_beat_periodictasks (ident, last_update) FROM stdin;
1	2023-08-25 23:43:22.274684+03
\.


--
-- Data for Name: django_celery_beat_solarschedule; Type: TABLE DATA; Schema: public; Owner: postgres
--

COPY public.django_celery_beat_solarschedule (id, event, latitude, longitude) FROM stdin;
\.


--
-- Data for Name: django_content_type; Type: TABLE DATA; Schema: public; Owner: postgres
--

COPY public.django_content_type (id, app_label, model) FROM stdin;
1	admin	logentry
2	auth	permission
3	auth	group
4	contenttypes	contenttype
5	sessions	session
6	django_celery_beat	crontabschedule
7	django_celery_beat	intervalschedule
8	django_celery_beat	periodictask
9	django_celery_beat	periodictasks
10	django_celery_beat	solarschedule
11	django_celery_beat	clockedschedule
12	user_auth	user
13	university	curs
14	university	lesson
15	university	subscription
16	payments	paying
\.


--
-- Data for Name: django_migrations; Type: TABLE DATA; Schema: public; Owner: postgres
--

COPY public.django_migrations (id, app, name, applied) FROM stdin;
1	contenttypes	0001_initial	2023-08-25 23:27:07.920579+03
2	contenttypes	0002_remove_content_type_name	2023-08-25 23:27:07.997183+03
3	auth	0001_initial	2023-08-25 23:27:08.296424+03
4	auth	0002_alter_permission_name_max_length	2023-08-25 23:27:08.314423+03
5	auth	0003_alter_user_email_max_length	2023-08-25 23:27:08.333449+03
6	auth	0004_alter_user_username_opts	2023-08-25 23:27:08.364284+03
7	auth	0005_alter_user_last_login_null	2023-08-25 23:27:08.395303+03
8	auth	0006_require_contenttypes_0002	2023-08-25 23:27:08.40931+03
9	auth	0007_alter_validators_add_error_messages	2023-08-25 23:27:08.437119+03
10	auth	0008_alter_user_username_max_length	2023-08-25 23:27:08.46312+03
11	auth	0009_alter_user_last_name_max_length	2023-08-25 23:27:08.490116+03
12	auth	0010_alter_group_name_max_length	2023-08-25 23:27:08.526126+03
13	auth	0011_update_proxy_permissions	2023-08-25 23:27:08.550142+03
14	auth	0012_alter_user_first_name_max_length	2023-08-25 23:27:08.57613+03
15	user_auth	0001_initial	2023-08-25 23:27:08.916546+03
16	admin	0001_initial	2023-08-25 23:27:09.081847+03
17	admin	0002_logentry_remove_auto_add	2023-08-25 23:27:09.116051+03
18	admin	0003_logentry_add_action_flag_choices	2023-08-25 23:27:09.147055+03
19	django_celery_beat	0001_initial	2023-08-25 23:27:09.538028+03
20	django_celery_beat	0002_auto_20161118_0346	2023-08-25 23:27:09.65152+03
21	django_celery_beat	0003_auto_20161209_0049	2023-08-25 23:27:09.692579+03
22	django_celery_beat	0004_auto_20170221_0000	2023-08-25 23:27:09.702835+03
23	django_celery_beat	0005_add_solarschedule_events_choices	2023-08-25 23:27:09.702835+03
24	django_celery_beat	0006_auto_20180322_0932	2023-08-25 23:27:09.781952+03
25	django_celery_beat	0007_auto_20180521_0826	2023-08-25 23:27:09.810429+03
26	django_celery_beat	0008_auto_20180914_1922	2023-08-25 23:27:09.847858+03
27	django_celery_beat	0006_auto_20180210_1226	2023-08-25 23:27:09.87383+03
28	django_celery_beat	0006_periodictask_priority	2023-08-25 23:27:09.893643+03
29	django_celery_beat	0009_periodictask_headers	2023-08-25 23:27:09.913645+03
30	django_celery_beat	0010_auto_20190429_0326	2023-08-25 23:27:10.130003+03
31	django_celery_beat	0011_auto_20190508_0153	2023-08-25 23:27:10.202016+03
32	django_celery_beat	0012_periodictask_expire_seconds	2023-08-25 23:27:10.217815+03
33	django_celery_beat	0013_auto_20200609_0727	2023-08-25 23:27:10.256588+03
34	django_celery_beat	0014_remove_clockedschedule_enabled	2023-08-25 23:27:10.275592+03
35	django_celery_beat	0015_edit_solarschedule_events_choices	2023-08-25 23:27:10.293957+03
36	django_celery_beat	0016_alter_crontabschedule_timezone	2023-08-25 23:27:10.315969+03
37	django_celery_beat	0017_alter_crontabschedule_month_of_year	2023-08-25 23:27:10.335299+03
38	django_celery_beat	0018_improve_crontab_helptext	2023-08-25 23:27:10.356684+03
39	university	0001_initial	2023-08-25 23:27:10.544773+03
40	payments	0001_initial	2023-08-25 23:27:10.619281+03
41	payments	0002_initial	2023-08-25 23:27:10.700669+03
42	payments	0003_initial	2023-08-25 23:27:10.779949+03
43	sessions	0001_initial	2023-08-25 23:27:10.927232+03
44	university	0002_initial	2023-08-25 23:27:11.202177+03
\.


--
-- Data for Name: django_session; Type: TABLE DATA; Schema: public; Owner: postgres
--

COPY public.django_session (session_key, session_data, expire_date) FROM stdin;
vio980xcgvi6b5nn6hte1iav0vhkakt7	.eJxVjE0OwiAYBe_C2hD-CsWle89A-OBVqgaS0q6Md9cmXej2zcx7sRC3tYStYwlzZmcm2el3o5geqDvI91hvjadW12Umviv8oJ1fW8bzcrh_ByX28q2Fn6I2fiA5OG8dJoNRZKVlsiIp2ARlSZKHFy6NXgCEmI2GJS2hJHt_ANrfOAM:1qZdYW:VsENnnHaFKYRql5ujPCq4o4Eubm5TWWpJEkR2gcUg3M	2023-09-08 23:37:20.890954+03
\.


--
-- Data for Name: payments_paying; Type: TABLE DATA; Schema: public; Owner: postgres
--

COPY public.payments_paying (id, date_pay, amount, payment_method, id_intent, status, paid_for_curs_id, paid_for_lesson_id, user_id) FROM stdin;
1	2023-08-25	3000	transfer	\N	\N	1	\N	3
\.


--
-- Data for Name: university_curs; Type: TABLE DATA; Schema: public; Owner: postgres
--

COPY public.university_curs (id, title, preview, description, amount, owner_id) FROM stdin;
1	Биология		Уроки биологии для 5-го класса	5000	3
2	Астрономия		Уроки астрономии для 9-го класса	6000	3
\.


--
-- Data for Name: university_lesson; Type: TABLE DATA; Schema: public; Owner: postgres
--

COPY public.university_lesson (id, title, description, preview, url_video, amount, curs_id, owner_id) FROM stdin;
1	Биология. Введение	1-й урок		\N	1000	1	3
2	Астрономия. Знакомство.	1-й урок		\N	1200	1	3
\.


--
-- Data for Name: university_subscription; Type: TABLE DATA; Schema: public; Owner: postgres
--

COPY public.university_subscription (id, curs_id, user_id) FROM stdin;
1	1	3
\.


--
-- Data for Name: user_auth_user; Type: TABLE DATA; Schema: public; Owner: postgres
--

COPY public.user_auth_user (id, password, last_login, is_superuser, first_name, last_name, is_staff, is_active, date_joined, email, phone, avatar, country, id_payment_method) FROM stdin;
3	pbkdf2_sha256$600000$lVHLPJ8GdMx2gs6fZePJEL$b5GwrFr8Bchd6lLVlKdaKGt7ujcXvwC5woD3AtWsvEM=	\N	f	User	Just User	f	t	2023-08-25 23:33:29.228449+03	user@user.ru	\N		\N	\N
2	pbkdf2_sha256$600000$nnzd2oNjewr77lDK9G0wVX$aJ+4upWyJZAbf1Pnk5DHPPbMQUAVWg4+DnEzwEwOSb8=	2023-08-25 23:36:15.371518+03	f	manager	moderator	t	t	2023-08-25 23:33:28.639028+03	manager@manager.ru	\N		\N	\N
1	pbkdf2_sha256$600000$BKdrdnnuwgFzf290bpxWoH$k6h+eBuiAerP0BTTJXBEszV1bwiVIBqO5Tv8pKIpafo=	2023-08-25 23:37:20.885911+03	t	Admin	SuperAdmin	t	t	2023-08-25 23:33:27.692732+03	admin@admin.pro	\N		\N	\N
4	123ab123	2023-08-25 23:50:26+03	f	just		f	t	2023-08-25 23:48:04+03	client1@client.cl	\N		\N	\N
\.


--
-- Data for Name: user_auth_user_groups; Type: TABLE DATA; Schema: public; Owner: postgres
--

COPY public.user_auth_user_groups (id, user_id, group_id) FROM stdin;
\.


--
-- Data for Name: user_auth_user_user_permissions; Type: TABLE DATA; Schema: public; Owner: postgres
--

COPY public.user_auth_user_user_permissions (id, user_id, permission_id) FROM stdin;
\.


--
-- Name: auth_group_id_seq; Type: SEQUENCE SET; Schema: public; Owner: postgres
--

SELECT pg_catalog.setval('public.auth_group_id_seq', 1, false);


--
-- Name: auth_group_permissions_id_seq; Type: SEQUENCE SET; Schema: public; Owner: postgres
--

SELECT pg_catalog.setval('public.auth_group_permissions_id_seq', 1, false);


--
-- Name: auth_permission_id_seq; Type: SEQUENCE SET; Schema: public; Owner: postgres
--

SELECT pg_catalog.setval('public.auth_permission_id_seq', 64, true);


--
-- Name: django_admin_log_id_seq; Type: SEQUENCE SET; Schema: public; Owner: postgres
--

SELECT pg_catalog.setval('public.django_admin_log_id_seq', 10, true);


--
-- Name: django_celery_beat_clockedschedule_id_seq; Type: SEQUENCE SET; Schema: public; Owner: postgres
--

SELECT pg_catalog.setval('public.django_celery_beat_clockedschedule_id_seq', 1, false);


--
-- Name: django_celery_beat_crontabschedule_id_seq; Type: SEQUENCE SET; Schema: public; Owner: postgres
--

SELECT pg_catalog.setval('public.django_celery_beat_crontabschedule_id_seq', 1, false);


--
-- Name: django_celery_beat_intervalschedule_id_seq; Type: SEQUENCE SET; Schema: public; Owner: postgres
--

SELECT pg_catalog.setval('public.django_celery_beat_intervalschedule_id_seq', 1, true);


--
-- Name: django_celery_beat_periodictask_id_seq; Type: SEQUENCE SET; Schema: public; Owner: postgres
--

SELECT pg_catalog.setval('public.django_celery_beat_periodictask_id_seq', 1, true);


--
-- Name: django_celery_beat_solarschedule_id_seq; Type: SEQUENCE SET; Schema: public; Owner: postgres
--

SELECT pg_catalog.setval('public.django_celery_beat_solarschedule_id_seq', 1, false);


--
-- Name: django_content_type_id_seq; Type: SEQUENCE SET; Schema: public; Owner: postgres
--

SELECT pg_catalog.setval('public.django_content_type_id_seq', 16, true);


--
-- Name: django_migrations_id_seq; Type: SEQUENCE SET; Schema: public; Owner: postgres
--

SELECT pg_catalog.setval('public.django_migrations_id_seq', 44, true);


--
-- Name: payments_paying_id_seq; Type: SEQUENCE SET; Schema: public; Owner: postgres
--

SELECT pg_catalog.setval('public.payments_paying_id_seq', 1, true);


--
-- Name: university_curs_id_seq; Type: SEQUENCE SET; Schema: public; Owner: postgres
--

SELECT pg_catalog.setval('public.university_curs_id_seq', 2, true);


--
-- Name: university_lesson_id_seq; Type: SEQUENCE SET; Schema: public; Owner: postgres
--

SELECT pg_catalog.setval('public.university_lesson_id_seq', 2, true);


--
-- Name: university_subscription_id_seq; Type: SEQUENCE SET; Schema: public; Owner: postgres
--

SELECT pg_catalog.setval('public.university_subscription_id_seq', 1, true);


--
-- Name: user_auth_user_groups_id_seq; Type: SEQUENCE SET; Schema: public; Owner: postgres
--

SELECT pg_catalog.setval('public.user_auth_user_groups_id_seq', 1, false);


--
-- Name: user_auth_user_id_seq; Type: SEQUENCE SET; Schema: public; Owner: postgres
--

SELECT pg_catalog.setval('public.user_auth_user_id_seq', 4, true);


--
-- Name: user_auth_user_user_permissions_id_seq; Type: SEQUENCE SET; Schema: public; Owner: postgres
--

SELECT pg_catalog.setval('public.user_auth_user_user_permissions_id_seq', 1, false);


--
-- Name: auth_group auth_group_name_key; Type: CONSTRAINT; Schema: public; Owner: postgres
--

ALTER TABLE ONLY public.auth_group
    ADD CONSTRAINT auth_group_name_key UNIQUE (name);


--
-- Name: auth_group_permissions auth_group_permissions_group_id_permission_id_0cd325b0_uniq; Type: CONSTRAINT; Schema: public; Owner: postgres
--

ALTER TABLE ONLY public.auth_group_permissions
    ADD CONSTRAINT auth_group_permissions_group_id_permission_id_0cd325b0_uniq UNIQUE (group_id, permission_id);


--
-- Name: auth_group_permissions auth_group_permissions_pkey; Type: CONSTRAINT; Schema: public; Owner: postgres
--

ALTER TABLE ONLY public.auth_group_permissions
    ADD CONSTRAINT auth_group_permissions_pkey PRIMARY KEY (id);


--
-- Name: auth_group auth_group_pkey; Type: CONSTRAINT; Schema: public; Owner: postgres
--

ALTER TABLE ONLY public.auth_group
    ADD CONSTRAINT auth_group_pkey PRIMARY KEY (id);


--
-- Name: auth_permission auth_permission_content_type_id_codename_01ab375a_uniq; Type: CONSTRAINT; Schema: public; Owner: postgres
--

ALTER TABLE ONLY public.auth_permission
    ADD CONSTRAINT auth_permission_content_type_id_codename_01ab375a_uniq UNIQUE (content_type_id, codename);


--
-- Name: auth_permission auth_permission_pkey; Type: CONSTRAINT; Schema: public; Owner: postgres
--

ALTER TABLE ONLY public.auth_permission
    ADD CONSTRAINT auth_permission_pkey PRIMARY KEY (id);


--
-- Name: django_admin_log django_admin_log_pkey; Type: CONSTRAINT; Schema: public; Owner: postgres
--

ALTER TABLE ONLY public.django_admin_log
    ADD CONSTRAINT django_admin_log_pkey PRIMARY KEY (id);


--
-- Name: django_celery_beat_clockedschedule django_celery_beat_clockedschedule_pkey; Type: CONSTRAINT; Schema: public; Owner: postgres
--

ALTER TABLE ONLY public.django_celery_beat_clockedschedule
    ADD CONSTRAINT django_celery_beat_clockedschedule_pkey PRIMARY KEY (id);


--
-- Name: django_celery_beat_crontabschedule django_celery_beat_crontabschedule_pkey; Type: CONSTRAINT; Schema: public; Owner: postgres
--

ALTER TABLE ONLY public.django_celery_beat_crontabschedule
    ADD CONSTRAINT django_celery_beat_crontabschedule_pkey PRIMARY KEY (id);


--
-- Name: django_celery_beat_intervalschedule django_celery_beat_intervalschedule_pkey; Type: CONSTRAINT; Schema: public; Owner: postgres
--

ALTER TABLE ONLY public.django_celery_beat_intervalschedule
    ADD CONSTRAINT django_celery_beat_intervalschedule_pkey PRIMARY KEY (id);


--
-- Name: django_celery_beat_periodictask django_celery_beat_periodictask_name_key; Type: CONSTRAINT; Schema: public; Owner: postgres
--

ALTER TABLE ONLY public.django_celery_beat_periodictask
    ADD CONSTRAINT django_celery_beat_periodictask_name_key UNIQUE (name);


--
-- Name: django_celery_beat_periodictask django_celery_beat_periodictask_pkey; Type: CONSTRAINT; Schema: public; Owner: postgres
--

ALTER TABLE ONLY public.django_celery_beat_periodictask
    ADD CONSTRAINT django_celery_beat_periodictask_pkey PRIMARY KEY (id);


--
-- Name: django_celery_beat_periodictasks django_celery_beat_periodictasks_pkey; Type: CONSTRAINT; Schema: public; Owner: postgres
--

ALTER TABLE ONLY public.django_celery_beat_periodictasks
    ADD CONSTRAINT django_celery_beat_periodictasks_pkey PRIMARY KEY (ident);


--
-- Name: django_celery_beat_solarschedule django_celery_beat_solar_event_latitude_longitude_ba64999a_uniq; Type: CONSTRAINT; Schema: public; Owner: postgres
--

ALTER TABLE ONLY public.django_celery_beat_solarschedule
    ADD CONSTRAINT django_celery_beat_solar_event_latitude_longitude_ba64999a_uniq UNIQUE (event, latitude, longitude);


--
-- Name: django_celery_beat_solarschedule django_celery_beat_solarschedule_pkey; Type: CONSTRAINT; Schema: public; Owner: postgres
--

ALTER TABLE ONLY public.django_celery_beat_solarschedule
    ADD CONSTRAINT django_celery_beat_solarschedule_pkey PRIMARY KEY (id);


--
-- Name: django_content_type django_content_type_app_label_model_76bd3d3b_uniq; Type: CONSTRAINT; Schema: public; Owner: postgres
--

ALTER TABLE ONLY public.django_content_type
    ADD CONSTRAINT django_content_type_app_label_model_76bd3d3b_uniq UNIQUE (app_label, model);


--
-- Name: django_content_type django_content_type_pkey; Type: CONSTRAINT; Schema: public; Owner: postgres
--

ALTER TABLE ONLY public.django_content_type
    ADD CONSTRAINT django_content_type_pkey PRIMARY KEY (id);


--
-- Name: django_migrations django_migrations_pkey; Type: CONSTRAINT; Schema: public; Owner: postgres
--

ALTER TABLE ONLY public.django_migrations
    ADD CONSTRAINT django_migrations_pkey PRIMARY KEY (id);


--
-- Name: django_session django_session_pkey; Type: CONSTRAINT; Schema: public; Owner: postgres
--

ALTER TABLE ONLY public.django_session
    ADD CONSTRAINT django_session_pkey PRIMARY KEY (session_key);


--
-- Name: payments_paying payments_paying_pkey; Type: CONSTRAINT; Schema: public; Owner: postgres
--

ALTER TABLE ONLY public.payments_paying
    ADD CONSTRAINT payments_paying_pkey PRIMARY KEY (id);


--
-- Name: university_curs university_curs_pkey; Type: CONSTRAINT; Schema: public; Owner: postgres
--

ALTER TABLE ONLY public.university_curs
    ADD CONSTRAINT university_curs_pkey PRIMARY KEY (id);


--
-- Name: university_lesson university_lesson_pkey; Type: CONSTRAINT; Schema: public; Owner: postgres
--

ALTER TABLE ONLY public.university_lesson
    ADD CONSTRAINT university_lesson_pkey PRIMARY KEY (id);


--
-- Name: university_subscription university_subscription_pkey; Type: CONSTRAINT; Schema: public; Owner: postgres
--

ALTER TABLE ONLY public.university_subscription
    ADD CONSTRAINT university_subscription_pkey PRIMARY KEY (id);


--
-- Name: university_subscription university_subscription_user_id_curs_id_82c6c723_uniq; Type: CONSTRAINT; Schema: public; Owner: postgres
--

ALTER TABLE ONLY public.university_subscription
    ADD CONSTRAINT university_subscription_user_id_curs_id_82c6c723_uniq UNIQUE (user_id, curs_id);


--
-- Name: user_auth_user user_auth_user_email_key; Type: CONSTRAINT; Schema: public; Owner: postgres
--

ALTER TABLE ONLY public.user_auth_user
    ADD CONSTRAINT user_auth_user_email_key UNIQUE (email);


--
-- Name: user_auth_user_groups user_auth_user_groups_pkey; Type: CONSTRAINT; Schema: public; Owner: postgres
--

ALTER TABLE ONLY public.user_auth_user_groups
    ADD CONSTRAINT user_auth_user_groups_pkey PRIMARY KEY (id);


--
-- Name: user_auth_user_groups user_auth_user_groups_user_id_group_id_6887c85a_uniq; Type: CONSTRAINT; Schema: public; Owner: postgres
--

ALTER TABLE ONLY public.user_auth_user_groups
    ADD CONSTRAINT user_auth_user_groups_user_id_group_id_6887c85a_uniq UNIQUE (user_id, group_id);


--
-- Name: user_auth_user user_auth_user_pkey; Type: CONSTRAINT; Schema: public; Owner: postgres
--

ALTER TABLE ONLY public.user_auth_user
    ADD CONSTRAINT user_auth_user_pkey PRIMARY KEY (id);


--
-- Name: user_auth_user_user_permissions user_auth_user_user_perm_user_id_permission_id_4df7833e_uniq; Type: CONSTRAINT; Schema: public; Owner: postgres
--

ALTER TABLE ONLY public.user_auth_user_user_permissions
    ADD CONSTRAINT user_auth_user_user_perm_user_id_permission_id_4df7833e_uniq UNIQUE (user_id, permission_id);


--
-- Name: user_auth_user_user_permissions user_auth_user_user_permissions_pkey; Type: CONSTRAINT; Schema: public; Owner: postgres
--

ALTER TABLE ONLY public.user_auth_user_user_permissions
    ADD CONSTRAINT user_auth_user_user_permissions_pkey PRIMARY KEY (id);


--
-- Name: auth_group_name_a6ea08ec_like; Type: INDEX; Schema: public; Owner: postgres
--

CREATE INDEX auth_group_name_a6ea08ec_like ON public.auth_group USING btree (name varchar_pattern_ops);


--
-- Name: auth_group_permissions_group_id_b120cbf9; Type: INDEX; Schema: public; Owner: postgres
--

CREATE INDEX auth_group_permissions_group_id_b120cbf9 ON public.auth_group_permissions USING btree (group_id);


--
-- Name: auth_group_permissions_permission_id_84c5c92e; Type: INDEX; Schema: public; Owner: postgres
--

CREATE INDEX auth_group_permissions_permission_id_84c5c92e ON public.auth_group_permissions USING btree (permission_id);


--
-- Name: auth_permission_content_type_id_2f476e4b; Type: INDEX; Schema: public; Owner: postgres
--

CREATE INDEX auth_permission_content_type_id_2f476e4b ON public.auth_permission USING btree (content_type_id);


--
-- Name: django_admin_log_content_type_id_c4bce8eb; Type: INDEX; Schema: public; Owner: postgres
--

CREATE INDEX django_admin_log_content_type_id_c4bce8eb ON public.django_admin_log USING btree (content_type_id);


--
-- Name: django_admin_log_user_id_c564eba6; Type: INDEX; Schema: public; Owner: postgres
--

CREATE INDEX django_admin_log_user_id_c564eba6 ON public.django_admin_log USING btree (user_id);


--
-- Name: django_celery_beat_periodictask_clocked_id_47a69f82; Type: INDEX; Schema: public; Owner: postgres
--

CREATE INDEX django_celery_beat_periodictask_clocked_id_47a69f82 ON public.django_celery_beat_periodictask USING btree (clocked_id);


--
-- Name: django_celery_beat_periodictask_crontab_id_d3cba168; Type: INDEX; Schema: public; Owner: postgres
--

CREATE INDEX django_celery_beat_periodictask_crontab_id_d3cba168 ON public.django_celery_beat_periodictask USING btree (crontab_id);


--
-- Name: django_celery_beat_periodictask_interval_id_a8ca27da; Type: INDEX; Schema: public; Owner: postgres
--

CREATE INDEX django_celery_beat_periodictask_interval_id_a8ca27da ON public.django_celery_beat_periodictask USING btree (interval_id);


--
-- Name: django_celery_beat_periodictask_name_265a36b7_like; Type: INDEX; Schema: public; Owner: postgres
--

CREATE INDEX django_celery_beat_periodictask_name_265a36b7_like ON public.django_celery_beat_periodictask USING btree (name varchar_pattern_ops);


--
-- Name: django_celery_beat_periodictask_solar_id_a87ce72c; Type: INDEX; Schema: public; Owner: postgres
--

CREATE INDEX django_celery_beat_periodictask_solar_id_a87ce72c ON public.django_celery_beat_periodictask USING btree (solar_id);


--
-- Name: django_session_expire_date_a5c62663; Type: INDEX; Schema: public; Owner: postgres
--

CREATE INDEX django_session_expire_date_a5c62663 ON public.django_session USING btree (expire_date);


--
-- Name: django_session_session_key_c0390e0f_like; Type: INDEX; Schema: public; Owner: postgres
--

CREATE INDEX django_session_session_key_c0390e0f_like ON public.django_session USING btree (session_key varchar_pattern_ops);


--
-- Name: payments_paying_paid_for_curs_id_41067867; Type: INDEX; Schema: public; Owner: postgres
--

CREATE INDEX payments_paying_paid_for_curs_id_41067867 ON public.payments_paying USING btree (paid_for_curs_id);


--
-- Name: payments_paying_paid_for_lesson_id_09f7f26d; Type: INDEX; Schema: public; Owner: postgres
--

CREATE INDEX payments_paying_paid_for_lesson_id_09f7f26d ON public.payments_paying USING btree (paid_for_lesson_id);


--
-- Name: payments_paying_user_id_8a40001d; Type: INDEX; Schema: public; Owner: postgres
--

CREATE INDEX payments_paying_user_id_8a40001d ON public.payments_paying USING btree (user_id);


--
-- Name: university_curs_owner_id_4960e6bf; Type: INDEX; Schema: public; Owner: postgres
--

CREATE INDEX university_curs_owner_id_4960e6bf ON public.university_curs USING btree (owner_id);


--
-- Name: university_lesson_curs_id_06ddf954; Type: INDEX; Schema: public; Owner: postgres
--

CREATE INDEX university_lesson_curs_id_06ddf954 ON public.university_lesson USING btree (curs_id);


--
-- Name: university_lesson_owner_id_97fd4574; Type: INDEX; Schema: public; Owner: postgres
--

CREATE INDEX university_lesson_owner_id_97fd4574 ON public.university_lesson USING btree (owner_id);


--
-- Name: university_subscription_curs_id_52eea0a2; Type: INDEX; Schema: public; Owner: postgres
--

CREATE INDEX university_subscription_curs_id_52eea0a2 ON public.university_subscription USING btree (curs_id);


--
-- Name: university_subscription_user_id_52e3ac34; Type: INDEX; Schema: public; Owner: postgres
--

CREATE INDEX university_subscription_user_id_52e3ac34 ON public.university_subscription USING btree (user_id);


--
-- Name: user_auth_user_email_b2452b58_like; Type: INDEX; Schema: public; Owner: postgres
--

CREATE INDEX user_auth_user_email_b2452b58_like ON public.user_auth_user USING btree (email varchar_pattern_ops);


--
-- Name: user_auth_user_groups_group_id_165f3b9d; Type: INDEX; Schema: public; Owner: postgres
--

CREATE INDEX user_auth_user_groups_group_id_165f3b9d ON public.user_auth_user_groups USING btree (group_id);


--
-- Name: user_auth_user_groups_user_id_e339ec14; Type: INDEX; Schema: public; Owner: postgres
--

CREATE INDEX user_auth_user_groups_user_id_e339ec14 ON public.user_auth_user_groups USING btree (user_id);


--
-- Name: user_auth_user_user_permissions_permission_id_2c602bd2; Type: INDEX; Schema: public; Owner: postgres
--

CREATE INDEX user_auth_user_user_permissions_permission_id_2c602bd2 ON public.user_auth_user_user_permissions USING btree (permission_id);


--
-- Name: user_auth_user_user_permissions_user_id_31fb400e; Type: INDEX; Schema: public; Owner: postgres
--

CREATE INDEX user_auth_user_user_permissions_user_id_31fb400e ON public.user_auth_user_user_permissions USING btree (user_id);


--
-- Name: auth_group_permissions auth_group_permissio_permission_id_84c5c92e_fk_auth_perm; Type: FK CONSTRAINT; Schema: public; Owner: postgres
--

ALTER TABLE ONLY public.auth_group_permissions
    ADD CONSTRAINT auth_group_permissio_permission_id_84c5c92e_fk_auth_perm FOREIGN KEY (permission_id) REFERENCES public.auth_permission(id) DEFERRABLE INITIALLY DEFERRED;


--
-- Name: auth_group_permissions auth_group_permissions_group_id_b120cbf9_fk_auth_group_id; Type: FK CONSTRAINT; Schema: public; Owner: postgres
--

ALTER TABLE ONLY public.auth_group_permissions
    ADD CONSTRAINT auth_group_permissions_group_id_b120cbf9_fk_auth_group_id FOREIGN KEY (group_id) REFERENCES public.auth_group(id) DEFERRABLE INITIALLY DEFERRED;


--
-- Name: auth_permission auth_permission_content_type_id_2f476e4b_fk_django_co; Type: FK CONSTRAINT; Schema: public; Owner: postgres
--

ALTER TABLE ONLY public.auth_permission
    ADD CONSTRAINT auth_permission_content_type_id_2f476e4b_fk_django_co FOREIGN KEY (content_type_id) REFERENCES public.django_content_type(id) DEFERRABLE INITIALLY DEFERRED;


--
-- Name: django_admin_log django_admin_log_content_type_id_c4bce8eb_fk_django_co; Type: FK CONSTRAINT; Schema: public; Owner: postgres
--

ALTER TABLE ONLY public.django_admin_log
    ADD CONSTRAINT django_admin_log_content_type_id_c4bce8eb_fk_django_co FOREIGN KEY (content_type_id) REFERENCES public.django_content_type(id) DEFERRABLE INITIALLY DEFERRED;


--
-- Name: django_admin_log django_admin_log_user_id_c564eba6_fk_user_auth_user_id; Type: FK CONSTRAINT; Schema: public; Owner: postgres
--

ALTER TABLE ONLY public.django_admin_log
    ADD CONSTRAINT django_admin_log_user_id_c564eba6_fk_user_auth_user_id FOREIGN KEY (user_id) REFERENCES public.user_auth_user(id) DEFERRABLE INITIALLY DEFERRED;


--
-- Name: django_celery_beat_periodictask django_celery_beat_p_clocked_id_47a69f82_fk_django_ce; Type: FK CONSTRAINT; Schema: public; Owner: postgres
--

ALTER TABLE ONLY public.django_celery_beat_periodictask
    ADD CONSTRAINT django_celery_beat_p_clocked_id_47a69f82_fk_django_ce FOREIGN KEY (clocked_id) REFERENCES public.django_celery_beat_clockedschedule(id) DEFERRABLE INITIALLY DEFERRED;


--
-- Name: django_celery_beat_periodictask django_celery_beat_p_crontab_id_d3cba168_fk_django_ce; Type: FK CONSTRAINT; Schema: public; Owner: postgres
--

ALTER TABLE ONLY public.django_celery_beat_periodictask
    ADD CONSTRAINT django_celery_beat_p_crontab_id_d3cba168_fk_django_ce FOREIGN KEY (crontab_id) REFERENCES public.django_celery_beat_crontabschedule(id) DEFERRABLE INITIALLY DEFERRED;


--
-- Name: django_celery_beat_periodictask django_celery_beat_p_interval_id_a8ca27da_fk_django_ce; Type: FK CONSTRAINT; Schema: public; Owner: postgres
--

ALTER TABLE ONLY public.django_celery_beat_periodictask
    ADD CONSTRAINT django_celery_beat_p_interval_id_a8ca27da_fk_django_ce FOREIGN KEY (interval_id) REFERENCES public.django_celery_beat_intervalschedule(id) DEFERRABLE INITIALLY DEFERRED;


--
-- Name: django_celery_beat_periodictask django_celery_beat_p_solar_id_a87ce72c_fk_django_ce; Type: FK CONSTRAINT; Schema: public; Owner: postgres
--

ALTER TABLE ONLY public.django_celery_beat_periodictask
    ADD CONSTRAINT django_celery_beat_p_solar_id_a87ce72c_fk_django_ce FOREIGN KEY (solar_id) REFERENCES public.django_celery_beat_solarschedule(id) DEFERRABLE INITIALLY DEFERRED;


--
-- Name: payments_paying payments_paying_paid_for_curs_id_41067867_fk_university_curs_id; Type: FK CONSTRAINT; Schema: public; Owner: postgres
--

ALTER TABLE ONLY public.payments_paying
    ADD CONSTRAINT payments_paying_paid_for_curs_id_41067867_fk_university_curs_id FOREIGN KEY (paid_for_curs_id) REFERENCES public.university_curs(id) DEFERRABLE INITIALLY DEFERRED;


--
-- Name: payments_paying payments_paying_paid_for_lesson_id_09f7f26d_fk_universit; Type: FK CONSTRAINT; Schema: public; Owner: postgres
--

ALTER TABLE ONLY public.payments_paying
    ADD CONSTRAINT payments_paying_paid_for_lesson_id_09f7f26d_fk_universit FOREIGN KEY (paid_for_lesson_id) REFERENCES public.university_lesson(id) DEFERRABLE INITIALLY DEFERRED;


--
-- Name: payments_paying payments_paying_user_id_8a40001d_fk_user_auth_user_id; Type: FK CONSTRAINT; Schema: public; Owner: postgres
--

ALTER TABLE ONLY public.payments_paying
    ADD CONSTRAINT payments_paying_user_id_8a40001d_fk_user_auth_user_id FOREIGN KEY (user_id) REFERENCES public.user_auth_user(id) DEFERRABLE INITIALLY DEFERRED;


--
-- Name: university_curs university_curs_owner_id_4960e6bf_fk_user_auth_user_id; Type: FK CONSTRAINT; Schema: public; Owner: postgres
--

ALTER TABLE ONLY public.university_curs
    ADD CONSTRAINT university_curs_owner_id_4960e6bf_fk_user_auth_user_id FOREIGN KEY (owner_id) REFERENCES public.user_auth_user(id) DEFERRABLE INITIALLY DEFERRED;


--
-- Name: university_lesson university_lesson_curs_id_06ddf954_fk_university_curs_id; Type: FK CONSTRAINT; Schema: public; Owner: postgres
--

ALTER TABLE ONLY public.university_lesson
    ADD CONSTRAINT university_lesson_curs_id_06ddf954_fk_university_curs_id FOREIGN KEY (curs_id) REFERENCES public.university_curs(id) DEFERRABLE INITIALLY DEFERRED;


--
-- Name: university_lesson university_lesson_owner_id_97fd4574_fk_user_auth_user_id; Type: FK CONSTRAINT; Schema: public; Owner: postgres
--

ALTER TABLE ONLY public.university_lesson
    ADD CONSTRAINT university_lesson_owner_id_97fd4574_fk_user_auth_user_id FOREIGN KEY (owner_id) REFERENCES public.user_auth_user(id) DEFERRABLE INITIALLY DEFERRED;


--
-- Name: university_subscription university_subscription_curs_id_52eea0a2_fk_university_curs_id; Type: FK CONSTRAINT; Schema: public; Owner: postgres
--

ALTER TABLE ONLY public.university_subscription
    ADD CONSTRAINT university_subscription_curs_id_52eea0a2_fk_university_curs_id FOREIGN KEY (curs_id) REFERENCES public.university_curs(id) DEFERRABLE INITIALLY DEFERRED;


--
-- Name: university_subscription university_subscription_user_id_52e3ac34_fk_user_auth_user_id; Type: FK CONSTRAINT; Schema: public; Owner: postgres
--

ALTER TABLE ONLY public.university_subscription
    ADD CONSTRAINT university_subscription_user_id_52e3ac34_fk_user_auth_user_id FOREIGN KEY (user_id) REFERENCES public.user_auth_user(id) DEFERRABLE INITIALLY DEFERRED;


--
-- Name: user_auth_user_groups user_auth_user_groups_group_id_165f3b9d_fk_auth_group_id; Type: FK CONSTRAINT; Schema: public; Owner: postgres
--

ALTER TABLE ONLY public.user_auth_user_groups
    ADD CONSTRAINT user_auth_user_groups_group_id_165f3b9d_fk_auth_group_id FOREIGN KEY (group_id) REFERENCES public.auth_group(id) DEFERRABLE INITIALLY DEFERRED;


--
-- Name: user_auth_user_groups user_auth_user_groups_user_id_e339ec14_fk_user_auth_user_id; Type: FK CONSTRAINT; Schema: public; Owner: postgres
--

ALTER TABLE ONLY public.user_auth_user_groups
    ADD CONSTRAINT user_auth_user_groups_user_id_e339ec14_fk_user_auth_user_id FOREIGN KEY (user_id) REFERENCES public.user_auth_user(id) DEFERRABLE INITIALLY DEFERRED;


--
-- Name: user_auth_user_user_permissions user_auth_user_user__permission_id_2c602bd2_fk_auth_perm; Type: FK CONSTRAINT; Schema: public; Owner: postgres
--

ALTER TABLE ONLY public.user_auth_user_user_permissions
    ADD CONSTRAINT user_auth_user_user__permission_id_2c602bd2_fk_auth_perm FOREIGN KEY (permission_id) REFERENCES public.auth_permission(id) DEFERRABLE INITIALLY DEFERRED;


--
-- Name: user_auth_user_user_permissions user_auth_user_user__user_id_31fb400e_fk_user_auth; Type: FK CONSTRAINT; Schema: public; Owner: postgres
--

ALTER TABLE ONLY public.user_auth_user_user_permissions
    ADD CONSTRAINT user_auth_user_user__user_id_31fb400e_fk_user_auth FOREIGN KEY (user_id) REFERENCES public.user_auth_user(id) DEFERRABLE INITIALLY DEFERRED;


--
-- PostgreSQL database dump complete
--

