--
-- PostgreSQL database dump
--

-- Dumped from database version 15.2
-- Dumped by pg_dump version 15.2

SET statement_timeout = 0;
SET lock_timeout = 0;
SET idle_in_transaction_session_timeout = 0;
SET client_encoding = 'UTF8';
SET standard_conforming_strings = on;
SELECT pg_catalog.set_config('search_path', '', false);
SET check_function_bodies = false;
SET xmloption = content;
SET client_min_messages = warning;
SET row_security = off;

SET default_tablespace = '';

SET default_table_access_method = heap;

--
-- Name: auth_group; Type: TABLE; Schema: public; Owner: postgres
--

CREATE TABLE public.auth_group (
    id integer NOT NULL,
    name character varying(150) NOT NULL
);


ALTER TABLE public.auth_group OWNER TO postgres;

--
-- Name: auth_group_id_seq; Type: SEQUENCE; Schema: public; Owner: postgres
--

ALTER TABLE public.auth_group ALTER COLUMN id ADD GENERATED BY DEFAULT AS IDENTITY (
    SEQUENCE NAME public.auth_group_id_seq
    START WITH 1
    INCREMENT BY 1
    NO MINVALUE
    NO MAXVALUE
    CACHE 1
);


--
-- Name: auth_group_permissions; Type: TABLE; Schema: public; Owner: postgres
--

CREATE TABLE public.auth_group_permissions (
    id bigint NOT NULL,
    group_id integer NOT NULL,
    permission_id integer NOT NULL
);


ALTER TABLE public.auth_group_permissions OWNER TO postgres;

--
-- Name: auth_group_permissions_id_seq; Type: SEQUENCE; Schema: public; Owner: postgres
--

ALTER TABLE public.auth_group_permissions ALTER COLUMN id ADD GENERATED BY DEFAULT AS IDENTITY (
    SEQUENCE NAME public.auth_group_permissions_id_seq
    START WITH 1
    INCREMENT BY 1
    NO MINVALUE
    NO MAXVALUE
    CACHE 1
);


--
-- Name: auth_permission; Type: TABLE; Schema: public; Owner: postgres
--

CREATE TABLE public.auth_permission (
    id integer NOT NULL,
    name character varying(255) NOT NULL,
    content_type_id integer NOT NULL,
    codename character varying(100) NOT NULL
);


ALTER TABLE public.auth_permission OWNER TO postgres;

--
-- Name: auth_permission_id_seq; Type: SEQUENCE; Schema: public; Owner: postgres
--

ALTER TABLE public.auth_permission ALTER COLUMN id ADD GENERATED BY DEFAULT AS IDENTITY (
    SEQUENCE NAME public.auth_permission_id_seq
    START WITH 1
    INCREMENT BY 1
    NO MINVALUE
    NO MAXVALUE
    CACHE 1
);


--
-- Name: cars_car; Type: TABLE; Schema: public; Owner: postgres
--

CREATE TABLE public.cars_car (
    id bigint NOT NULL,
    car_model character varying(128) NOT NULL,
    year smallint NOT NULL,
    owner_id bigint,
    price numeric(12,2),
    CONSTRAINT cars_car_year_check CHECK ((year >= 0))
);


ALTER TABLE public.cars_car OWNER TO postgres;

--
-- Name: cars_car_id_seq; Type: SEQUENCE; Schema: public; Owner: postgres
--

ALTER TABLE public.cars_car ALTER COLUMN id ADD GENERATED BY DEFAULT AS IDENTITY (
    SEQUENCE NAME public.cars_car_id_seq
    START WITH 1
    INCREMENT BY 1
    NO MINVALUE
    NO MAXVALUE
    CACHE 1
);


--
-- Name: cars_milage; Type: TABLE; Schema: public; Owner: postgres
--

CREATE TABLE public.cars_milage (
    id bigint NOT NULL,
    year smallint NOT NULL,
    milage smallint NOT NULL,
    car_id bigint,
    moto_id bigint,
    CONSTRAINT cars_milage_milage_6bbf32ed_check CHECK ((milage >= 0)),
    CONSTRAINT cars_milage_year_check CHECK ((year >= 0))
);


ALTER TABLE public.cars_milage OWNER TO postgres;

--
-- Name: cars_milage_id_seq; Type: SEQUENCE; Schema: public; Owner: postgres
--

ALTER TABLE public.cars_milage ALTER COLUMN id ADD GENERATED BY DEFAULT AS IDENTITY (
    SEQUENCE NAME public.cars_milage_id_seq
    START WITH 1
    INCREMENT BY 1
    NO MINVALUE
    NO MAXVALUE
    CACHE 1
);


--
-- Name: cars_motorcycle; Type: TABLE; Schema: public; Owner: postgres
--

CREATE TABLE public.cars_motorcycle (
    id bigint NOT NULL,
    moto_model character varying(128) NOT NULL,
    year smallint NOT NULL,
    owner_id bigint,
    price numeric(12,2),
    CONSTRAINT cars_motorcycle_year_check CHECK ((year >= 0))
);


ALTER TABLE public.cars_motorcycle OWNER TO postgres;

--
-- Name: cars_motorcycle_id_seq; Type: SEQUENCE; Schema: public; Owner: postgres
--

ALTER TABLE public.cars_motorcycle ALTER COLUMN id ADD GENERATED BY DEFAULT AS IDENTITY (
    SEQUENCE NAME public.cars_motorcycle_id_seq
    START WITH 1
    INCREMENT BY 1
    NO MINVALUE
    NO MAXVALUE
    CACHE 1
);


--
-- Name: django_admin_log; Type: TABLE; Schema: public; Owner: postgres
--

CREATE TABLE public.django_admin_log (
    id integer NOT NULL,
    action_time timestamp with time zone NOT NULL,
    object_id text,
    object_repr character varying(200) NOT NULL,
    action_flag smallint NOT NULL,
    change_message text NOT NULL,
    content_type_id integer,
    user_id bigint NOT NULL,
    CONSTRAINT django_admin_log_action_flag_check CHECK ((action_flag >= 0))
);


ALTER TABLE public.django_admin_log OWNER TO postgres;

--
-- Name: django_admin_log_id_seq; Type: SEQUENCE; Schema: public; Owner: postgres
--

ALTER TABLE public.django_admin_log ALTER COLUMN id ADD GENERATED BY DEFAULT AS IDENTITY (
    SEQUENCE NAME public.django_admin_log_id_seq
    START WITH 1
    INCREMENT BY 1
    NO MINVALUE
    NO MAXVALUE
    CACHE 1
);


--
-- Name: django_celery_beat_clockedschedule; Type: TABLE; Schema: public; Owner: postgres
--

CREATE TABLE public.django_celery_beat_clockedschedule (
    id integer NOT NULL,
    clocked_time timestamp with time zone NOT NULL
);


ALTER TABLE public.django_celery_beat_clockedschedule OWNER TO postgres;

--
-- Name: django_celery_beat_clockedschedule_id_seq; Type: SEQUENCE; Schema: public; Owner: postgres
--

ALTER TABLE public.django_celery_beat_clockedschedule ALTER COLUMN id ADD GENERATED BY DEFAULT AS IDENTITY (
    SEQUENCE NAME public.django_celery_beat_clockedschedule_id_seq
    START WITH 1
    INCREMENT BY 1
    NO MINVALUE
    NO MAXVALUE
    CACHE 1
);


--
-- Name: django_celery_beat_crontabschedule; Type: TABLE; Schema: public; Owner: postgres
--

CREATE TABLE public.django_celery_beat_crontabschedule (
    id integer NOT NULL,
    minute character varying(240) NOT NULL,
    hour character varying(96) NOT NULL,
    day_of_week character varying(64) NOT NULL,
    day_of_month character varying(124) NOT NULL,
    month_of_year character varying(64) NOT NULL,
    timezone character varying(63) NOT NULL
);


ALTER TABLE public.django_celery_beat_crontabschedule OWNER TO postgres;

--
-- Name: django_celery_beat_crontabschedule_id_seq; Type: SEQUENCE; Schema: public; Owner: postgres
--

ALTER TABLE public.django_celery_beat_crontabschedule ALTER COLUMN id ADD GENERATED BY DEFAULT AS IDENTITY (
    SEQUENCE NAME public.django_celery_beat_crontabschedule_id_seq
    START WITH 1
    INCREMENT BY 1
    NO MINVALUE
    NO MAXVALUE
    CACHE 1
);


--
-- Name: django_celery_beat_intervalschedule; Type: TABLE; Schema: public; Owner: postgres
--

CREATE TABLE public.django_celery_beat_intervalschedule (
    id integer NOT NULL,
    every integer NOT NULL,
    period character varying(24) NOT NULL
);


ALTER TABLE public.django_celery_beat_intervalschedule OWNER TO postgres;

--
-- Name: django_celery_beat_intervalschedule_id_seq; Type: SEQUENCE; Schema: public; Owner: postgres
--

ALTER TABLE public.django_celery_beat_intervalschedule ALTER COLUMN id ADD GENERATED BY DEFAULT AS IDENTITY (
    SEQUENCE NAME public.django_celery_beat_intervalschedule_id_seq
    START WITH 1
    INCREMENT BY 1
    NO MINVALUE
    NO MAXVALUE
    CACHE 1
);


--
-- Name: django_celery_beat_periodictask; Type: TABLE; Schema: public; Owner: postgres
--

CREATE TABLE public.django_celery_beat_periodictask (
    id integer NOT NULL,
    name character varying(200) NOT NULL,
    task character varying(200) NOT NULL,
    args text NOT NULL,
    kwargs text NOT NULL,
    queue character varying(200),
    exchange character varying(200),
    routing_key character varying(200),
    expires timestamp with time zone,
    enabled boolean NOT NULL,
    last_run_at timestamp with time zone,
    total_run_count integer NOT NULL,
    date_changed timestamp with time zone NOT NULL,
    description text NOT NULL,
    crontab_id integer,
    interval_id integer,
    solar_id integer,
    one_off boolean NOT NULL,
    start_time timestamp with time zone,
    priority integer,
    headers text NOT NULL,
    clocked_id integer,
    expire_seconds integer,
    CONSTRAINT django_celery_beat_periodictask_expire_seconds_check CHECK ((expire_seconds >= 0)),
    CONSTRAINT django_celery_beat_periodictask_priority_check CHECK ((priority >= 0)),
    CONSTRAINT django_celery_beat_periodictask_total_run_count_check CHECK ((total_run_count >= 0))
);


ALTER TABLE public.django_celery_beat_periodictask OWNER TO postgres;

--
-- Name: django_celery_beat_periodictask_id_seq; Type: SEQUENCE; Schema: public; Owner: postgres
--

ALTER TABLE public.django_celery_beat_periodictask ALTER COLUMN id ADD GENERATED BY DEFAULT AS IDENTITY (
    SEQUENCE NAME public.django_celery_beat_periodictask_id_seq
    START WITH 1
    INCREMENT BY 1
    NO MINVALUE
    NO MAXVALUE
    CACHE 1
);


--
-- Name: django_celery_beat_periodictasks; Type: TABLE; Schema: public; Owner: postgres
--

CREATE TABLE public.django_celery_beat_periodictasks (
    ident smallint NOT NULL,
    last_update timestamp with time zone NOT NULL
);


ALTER TABLE public.django_celery_beat_periodictasks OWNER TO postgres;

--
-- Name: django_celery_beat_solarschedule; Type: TABLE; Schema: public; Owner: postgres
--

CREATE TABLE public.django_celery_beat_solarschedule (
    id integer NOT NULL,
    event character varying(24) NOT NULL,
    latitude numeric(9,6) NOT NULL,
    longitude numeric(9,6) NOT NULL
);


ALTER TABLE public.django_celery_beat_solarschedule OWNER TO postgres;

--
-- Name: django_celery_beat_solarschedule_id_seq; Type: SEQUENCE; Schema: public; Owner: postgres
--

ALTER TABLE public.django_celery_beat_solarschedule ALTER COLUMN id ADD GENERATED BY DEFAULT AS IDENTITY (
    SEQUENCE NAME public.django_celery_beat_solarschedule_id_seq
    START WITH 1
    INCREMENT BY 1
    NO MINVALUE
    NO MAXVALUE
    CACHE 1
);


--
-- Name: django_content_type; Type: TABLE; Schema: public; Owner: postgres
--

CREATE TABLE public.django_content_type (
    id integer NOT NULL,
    app_label character varying(100) NOT NULL,
    model character varying(100) NOT NULL
);


ALTER TABLE public.django_content_type OWNER TO postgres;

--
-- Name: django_content_type_id_seq; Type: SEQUENCE; Schema: public; Owner: postgres
--

ALTER TABLE public.django_content_type ALTER COLUMN id ADD GENERATED BY DEFAULT AS IDENTITY (
    SEQUENCE NAME public.django_content_type_id_seq
    START WITH 1
    INCREMENT BY 1
    NO MINVALUE
    NO MAXVALUE
    CACHE 1
);


--
-- Name: django_migrations; Type: TABLE; Schema: public; Owner: postgres
--

CREATE TABLE public.django_migrations (
    id bigint NOT NULL,
    app character varying(255) NOT NULL,
    name character varying(255) NOT NULL,
    applied timestamp with time zone NOT NULL
);


ALTER TABLE public.django_migrations OWNER TO postgres;

--
-- Name: django_migrations_id_seq; Type: SEQUENCE; Schema: public; Owner: postgres
--

ALTER TABLE public.django_migrations ALTER COLUMN id ADD GENERATED BY DEFAULT AS IDENTITY (
    SEQUENCE NAME public.django_migrations_id_seq
    START WITH 1
    INCREMENT BY 1
    NO MINVALUE
    NO MAXVALUE
    CACHE 1
);


--
-- Name: django_session; Type: TABLE; Schema: public; Owner: postgres
--

CREATE TABLE public.django_session (
    session_key character varying(40) NOT NULL,
    session_data text NOT NULL,
    expire_date timestamp with time zone NOT NULL
);


ALTER TABLE public.django_session OWNER TO postgres;

--
-- Name: payments_paying; Type: TABLE; Schema: public; Owner: postgres
--

CREATE TABLE public.payments_paying (
    id bigint NOT NULL,
    date_pay date NOT NULL,
    amount double precision,
    payment_method character varying(15) NOT NULL,
    paid_for_curs_id bigint,
    paid_for_lesson_id bigint,
    user_id bigint NOT NULL,
    id_intent character varying(50),
    status character varying(200)
);


ALTER TABLE public.payments_paying OWNER TO postgres;

--
-- Name: payments_paying_id_seq; Type: SEQUENCE; Schema: public; Owner: postgres
--

ALTER TABLE public.payments_paying ALTER COLUMN id ADD GENERATED BY DEFAULT AS IDENTITY (
    SEQUENCE NAME public.payments_paying_id_seq
    START WITH 1
    INCREMENT BY 1
    NO MINVALUE
    NO MAXVALUE
    CACHE 1
);


--
-- Name: university_curs; Type: TABLE; Schema: public; Owner: postgres
--

CREATE TABLE public.university_curs (
    id bigint NOT NULL,
    title character varying(128) NOT NULL,
    preview character varying(100),
    description text,
    owner_id bigint,
    amount double precision
);


ALTER TABLE public.university_curs OWNER TO postgres;

--
-- Name: university_curs_id_seq; Type: SEQUENCE; Schema: public; Owner: postgres
--

ALTER TABLE public.university_curs ALTER COLUMN id ADD GENERATED BY DEFAULT AS IDENTITY (
    SEQUENCE NAME public.university_curs_id_seq
    START WITH 1
    INCREMENT BY 1
    NO MINVALUE
    NO MAXVALUE
    CACHE 1
);


--
-- Name: university_lesson; Type: TABLE; Schema: public; Owner: postgres
--

CREATE TABLE public.university_lesson (
    id bigint NOT NULL,
    title character varying(128) NOT NULL,
    description text,
    preview character varying(100),
    url_video character varying(200),
    curs_id bigint,
    owner_id bigint,
    amount double precision
);


ALTER TABLE public.university_lesson OWNER TO postgres;

--
-- Name: university_lesson_id_seq; Type: SEQUENCE; Schema: public; Owner: postgres
--

ALTER TABLE public.university_lesson ALTER COLUMN id ADD GENERATED BY DEFAULT AS IDENTITY (
    SEQUENCE NAME public.university_lesson_id_seq
    START WITH 1
    INCREMENT BY 1
    NO MINVALUE
    NO MAXVALUE
    CACHE 1
);


--
-- Name: university_subscription; Type: TABLE; Schema: public; Owner: postgres
--

CREATE TABLE public.university_subscription (
    id bigint NOT NULL,
    curs_id bigint NOT NULL,
    user_id bigint NOT NULL
);


ALTER TABLE public.university_subscription OWNER TO postgres;

--
-- Name: university_subscription_id_seq; Type: SEQUENCE; Schema: public; Owner: postgres
--

ALTER TABLE public.university_subscription ALTER COLUMN id ADD GENERATED BY DEFAULT AS IDENTITY (
    SEQUENCE NAME public.university_subscription_id_seq
    START WITH 1
    INCREMENT BY 1
    NO MINVALUE
    NO MAXVALUE
    CACHE 1
);


--
-- Name: user_auth_user; Type: TABLE; Schema: public; Owner: postgres
--

CREATE TABLE public.user_auth_user (
    id bigint NOT NULL,
    password character varying(128) NOT NULL,
    last_login timestamp with time zone,
    is_superuser boolean NOT NULL,
    first_name character varying(150) NOT NULL,
    last_name character varying(150) NOT NULL,
    is_staff boolean NOT NULL,
    is_active boolean NOT NULL,
    date_joined timestamp with time zone NOT NULL,
    email character varying(254) NOT NULL,
    phone character varying(35),
    avatar character varying(100),
    country character varying(150),
    id_payment_method character varying(150)
);


ALTER TABLE public.user_auth_user OWNER TO postgres;

--
-- Name: user_auth_user_groups; Type: TABLE; Schema: public; Owner: postgres
--

CREATE TABLE public.user_auth_user_groups (
    id bigint NOT NULL,
    user_id bigint NOT NULL,
    group_id integer NOT NULL
);


ALTER TABLE public.user_auth_user_groups OWNER TO postgres;

--
-- Name: user_auth_user_groups_id_seq; Type: SEQUENCE; Schema: public; Owner: postgres
--

ALTER TABLE public.user_auth_user_groups ALTER COLUMN id ADD GENERATED BY DEFAULT AS IDENTITY (
    SEQUENCE NAME public.user_auth_user_groups_id_seq
    START WITH 1
    INCREMENT BY 1
    NO MINVALUE
    NO MAXVALUE
    CACHE 1
);


--
-- Name: user_auth_user_id_seq; Type: SEQUENCE; Schema: public; Owner: postgres
--

ALTER TABLE public.user_auth_user ALTER COLUMN id ADD GENERATED BY DEFAULT AS IDENTITY (
    SEQUENCE NAME public.user_auth_user_id_seq
    START WITH 1
    INCREMENT BY 1
    NO MINVALUE
    NO MAXVALUE
    CACHE 1
);


--
-- Name: user_auth_user_user_permissions; Type: TABLE; Schema: public; Owner: postgres
--

CREATE TABLE public.user_auth_user_user_permissions (
    id bigint NOT NULL,
    user_id bigint NOT NULL,
    permission_id integer NOT NULL
);


ALTER TABLE public.user_auth_user_user_permissions OWNER TO postgres;

--
-- Name: user_auth_user_user_permissions_id_seq; Type: SEQUENCE; Schema: public; Owner: postgres
--

ALTER TABLE public.user_auth_user_user_permissions ALTER COLUMN id ADD GENERATED BY DEFAULT AS IDENTITY (
    SEQUENCE NAME public.user_auth_user_user_permissions_id_seq
    START WITH 1
    INCREMENT BY 1
    NO MINVALUE
    NO MAXVALUE
    CACHE 1
);


--
-- Data for Name: auth_group; Type: TABLE DATA; Schema: public; Owner: postgres
--

COPY public.auth_group (id, name) FROM stdin;
2	Admin
1	Manager
\.


--
-- Data for Name: auth_group_permissions; Type: TABLE DATA; Schema: public; Owner: postgres
--

COPY public.auth_group_permissions (id, group_id, permission_id) FROM stdin;
1	1	32
3	1	42
5	1	44
7	1	26
9	1	28
11	1	30
13	2	32
14	2	41
15	2	42
16	2	43
17	2	44
18	2	25
19	2	26
20	2	27
21	2	28
22	2	29
23	2	30
24	2	31
\.


--
-- Data for Name: auth_permission; Type: TABLE DATA; Schema: public; Owner: postgres
--

COPY public.auth_permission (id, name, content_type_id, codename) FROM stdin;
1	Can add log entry	1	add_logentry
2	Can change log entry	1	change_logentry
3	Can delete log entry	1	delete_logentry
4	Can view log entry	1	view_logentry
5	Can add permission	2	add_permission
6	Can change permission	2	change_permission
7	Can delete permission	2	delete_permission
8	Can view permission	2	view_permission
9	Can add group	3	add_group
10	Can change group	3	change_group
11	Can delete group	3	delete_group
12	Can view group	3	view_group
13	Can add content type	4	add_contenttype
14	Can change content type	4	change_contenttype
15	Can delete content type	4	delete_contenttype
16	Can view content type	4	view_contenttype
17	Can add session	5	add_session
18	Can change session	5	change_session
19	Can delete session	5	delete_session
20	Can view session	5	view_session
21	Can add user	6	add_user
22	Can change user	6	change_user
23	Can delete user	6	delete_user
24	Can view user	6	view_user
25	Can add курс	7	add_curs
26	Can change курс	7	change_curs
27	Can delete курс	7	delete_curs
28	Can view курс	7	view_curs
29	Can add урок	8	add_lesson
30	Can change урок	8	change_lesson
31	Can delete урок	8	delete_lesson
32	Can view урок	8	view_lesson
33	Can add машина	9	add_car
34	Can change машина	9	change_car
35	Can delete машина	9	delete_car
36	Can view машина	9	view_car
37	Can add мотоцикл	10	add_motorcycle
38	Can change мотоцикл	10	change_motorcycle
39	Can delete мотоцикл	10	delete_motorcycle
40	Can view мотоцикл	10	view_motorcycle
41	Can add платеж	11	add_paying
42	Can change платеж	11	change_paying
43	Can delete платеж	11	delete_paying
44	Can view платеж	11	view_paying
45	Can add пробег	12	add_milage
46	Can change пробег	12	change_milage
47	Can delete пробег	12	delete_milage
48	Can view пробег	12	view_milage
49	Can add Подписка	13	add_subscription
50	Can change Подписка	13	change_subscription
51	Can delete Подписка	13	delete_subscription
52	Can view Подписка	13	view_subscription
53	Can add платеж	14	add_paying
54	Can change платеж	14	change_paying
55	Can delete платеж	14	delete_paying
56	Can view платеж	14	view_paying
57	Can add crontab	15	add_crontabschedule
58	Can change crontab	15	change_crontabschedule
59	Can delete crontab	15	delete_crontabschedule
60	Can view crontab	15	view_crontabschedule
61	Can add interval	16	add_intervalschedule
62	Can change interval	16	change_intervalschedule
63	Can delete interval	16	delete_intervalschedule
64	Can view interval	16	view_intervalschedule
65	Can add periodic task	17	add_periodictask
66	Can change periodic task	17	change_periodictask
67	Can delete periodic task	17	delete_periodictask
68	Can view periodic task	17	view_periodictask
69	Can add periodic tasks	18	add_periodictasks
70	Can change periodic tasks	18	change_periodictasks
71	Can delete periodic tasks	18	delete_periodictasks
72	Can view periodic tasks	18	view_periodictasks
73	Can add solar event	19	add_solarschedule
74	Can change solar event	19	change_solarschedule
75	Can delete solar event	19	delete_solarschedule
76	Can view solar event	19	view_solarschedule
77	Can add clocked	20	add_clockedschedule
78	Can change clocked	20	change_clockedschedule
79	Can delete clocked	20	delete_clockedschedule
80	Can view clocked	20	view_clockedschedule
\.


--
-- Data for Name: cars_car; Type: TABLE DATA; Schema: public; Owner: postgres
--

COPY public.cars_car (id, car_model, year, owner_id, price) FROM stdin;
1	Volvo	2021	1	0.00
2	BMW	2022	2	0.00
3	KIA	2021	3	0.00
\.


--
-- Data for Name: cars_milage; Type: TABLE DATA; Schema: public; Owner: postgres
--

COPY public.cars_milage (id, year, milage, car_id, moto_id) FROM stdin;
1	2012	150	\N	1
2	2012	150	\N	2
3	2013	200	3	\N
4	2015	250	1	\N
6	2017	27	1	\N
7	2018	280	1	\N
8	2018	260	1	\N
9	2018	300	1	\N
10	2018	250	1	\N
11	2022	240	1	\N
12	2023	250	1	\N
13	2023	250	1	\N
14	2024	240	1	\N
15	2025	200	1	\N
16	2026	200	1	\N
17	2027	180	1	\N
18	2028	3000	1	\N
\.


--
-- Data for Name: cars_motorcycle; Type: TABLE DATA; Schema: public; Owner: postgres
--

COPY public.cars_motorcycle (id, moto_model, year, owner_id, price) FROM stdin;
1	Yamahoo	2021	\N	0.00
2	test	2025	\N	0.00
3	test_new_again	2026	\N	0.00
\.


--
-- Data for Name: django_admin_log; Type: TABLE DATA; Schema: public; Owner: postgres
--

COPY public.django_admin_log (id, action_time, object_id, object_repr, action_flag, change_message, content_type_id, user_id) FROM stdin;
1	2023-07-09 23:13:58.086998+03	5	2015 250	3		12	4
2	2023-07-10 00:05:24.152124+03	1	Платеж 100.0 руб., от 2023-07-10 за Урок введение алгебру, курс Курс Курс физики  , transfer	1	[{"added": {}}]	11	4
3	2023-07-10 00:05:57.20631+03	2	Платеж 2000.0 руб., от 2023-07-10 за Урок введение алгебру, курс Курс Курс физики  , transfer	1	[{"added": {}}]	11	4
4	2023-07-10 00:28:22.051933+03	2	Платеж 2000.0 руб., от 2023-07-10 за Курс физики , transfer	2	[{"changed": {"fields": ["\\u041e\\u043f\\u043b\\u0430\\u0442\\u0430 \\u0437\\u0430 \\u0443\\u0440\\u043e\\u043a"]}}]	11	4
5	2023-07-10 00:28:31.806498+03	1	Платеж 100.0 руб., от 2023-07-10 за Урок введение алгебру, курс Курс физики  , transfer	2	[{"changed": {"fields": ["\\u041e\\u043f\\u043b\\u0430\\u0442\\u0430 \\u0437\\u0430 \\u043a\\u0443\\u0440\\u0441"]}}]	11	4
6	2023-07-10 00:29:10.40738+03	3	Платеж 30000.0 руб., от 2023-07-10 за биология , cash	1	[{"added": {}}]	11	4
7	2023-07-10 00:29:32.803172+03	4	Платеж 3000.0 руб., от 2023-07-10 за Урок простейшие, курс биология  , transfer	1	[{"added": {}}]	11	4
8	2023-07-10 00:30:00.661344+03	5	Платеж 5000.0 руб., от 2023-07-10 за Курс физики , cash	1	[{"added": {}}]	11	4
9	2023-07-10 22:39:15.358564+03	1	Курс физики 	2	[{"changed": {"fields": ["\\u041f\\u0440\\u0435\\u0432\\u044c\\u044e \\u043a\\u0443\\u0440\\u0441\\u0430"]}}]	7	4
10	2023-07-10 22:39:29.336138+03	2	биология 	2	[{"changed": {"fields": ["\\u041f\\u0440\\u0435\\u0432\\u044c\\u044e \\u043a\\u0443\\u0440\\u0441\\u0430"]}}]	7	4
11	2023-07-10 22:40:02.392276+03	3	Математика 	1	[{"added": {}}]	7	4
12	2023-07-10 22:40:28.952578+03	4	Урок введение физику, курс Курс физики  	2	[{"changed": {"fields": ["\\u0423\\u0440\\u043e\\u043a"]}}]	8	4
13	2023-07-10 22:40:40.741482+03	3	Урок введение алгебру, курс Математика  	2	[{"changed": {"fields": ["\\u041a\\u0443\\u0440\\u0441"]}}]	8	4
14	2023-07-10 22:41:05.174715+03	2	Урок Системы уравнений, курс Математика  	2	[{"changed": {"fields": ["\\u0423\\u0440\\u043e\\u043a", "\\u041e\\u043f\\u0438\\u0441\\u0430\\u043d\\u0438\\u0435 \\u0443\\u0440\\u043e\\u043a\\u0430", "\\u041a\\u0443\\u0440\\u0441"]}}]	8	4
15	2023-07-10 22:41:16.845502+03	3	Урок введение в алгебру, курс Математика  	2	[{"changed": {"fields": ["\\u0423\\u0440\\u043e\\u043a"]}}]	8	4
16	2023-07-10 23:08:12.72073+03	6	Платеж 50000.0 руб., от 2023-07-10 за Курс физики , transfer	1	[{"added": {}}]	11	4
17	2023-07-11 01:05:06.95871+03	7	Платеж 120000.0 руб., от 2023-07-11 за биология , cash	1	[{"added": {}}]	11	4
18	2023-07-12 23:23:14.936494+03	8	Платеж 5000.0 руб., от 2023-07-12 за биология , cash	1	[{"added": {}}]	11	4
19	2023-07-12 23:23:42.647924+03	9	Платеж 5000.0 руб., от 2023-07-12 за Урок простейшие, курс биология  , cash	1	[{"added": {}}]	11	4
20	2023-07-15 10:05:26.667751+03	1	Manager	1	[{"added": {}}]	3	4
21	2023-07-15 10:05:45.058933+03	5	manager@manager.ru	2	[{"changed": {"fields": ["Groups"]}}]	6	4
22	2023-07-15 10:16:57.61226+03	2	Admin	1	[{"added": {}}]	3	4
23	2023-07-15 10:17:32.867291+03	1	Manager	2	[{"changed": {"fields": ["Permissions"]}}]	3	4
24	2023-07-15 11:32:15.983881+03	1	Volvo 2021	2	[{"changed": {"fields": ["\\u0412\\u043b\\u0430\\u0434\\u0435\\u043b\\u0435\\u0446"]}}]	9	4
25	2023-07-15 11:32:24.603887+03	2	BMW 2022	2	[{"changed": {"fields": ["\\u0412\\u043b\\u0430\\u0434\\u0435\\u043b\\u0435\\u0446"]}}]	9	4
26	2023-07-15 11:32:33.156705+03	3	KIA 2021	2	[{"changed": {"fields": ["\\u0412\\u043b\\u0430\\u0434\\u0435\\u043b\\u0435\\u0446"]}}]	9	4
27	2023-07-15 11:48:28.454898+03	4	Астрономия 	1	[{"added": {}}]	7	4
28	2023-07-15 11:53:42.453575+03	1	Курс физики 	2	[{"changed": {"fields": ["\\u0412\\u043b\\u0430\\u0434\\u0435\\u043b\\u0435\\u0446"]}}]	7	4
29	2023-07-15 12:11:00.440284+03	7	Урок многоклеточные, курс биология  	3		8	4
30	2023-07-16 10:04:48.642717+03	3	Математика 	2	[{"changed": {"fields": ["\\u0412\\u043b\\u0430\\u0434\\u0435\\u043b\\u0435\\u0446"]}}]	7	4
31	2023-07-16 12:59:48.567059+03	10	Урок многоклеточные, курс биология  	2	[{"changed": {"fields": ["\\u041e\\u043f\\u0438\\u0441\\u0430\\u043d\\u0438\\u0435 \\u0443\\u0440\\u043e\\u043a\\u0430"]}}]	8	4
32	2023-07-16 13:00:00.398672+03	4	Урок введение физику, курс Курс физики  	2	[{"changed": {"fields": ["\\u0412\\u043b\\u0430\\u0434\\u0435\\u043b\\u0435\\u0446"]}}]	8	4
33	2023-07-17 23:35:32.526254+03	5	Экономика 	2	[{"changed": {"fields": ["\\u0412\\u043b\\u0430\\u0434\\u0435\\u043b\\u0435\\u0446"]}}]	7	4
34	2023-07-17 23:35:46.654674+03	4	Астрономия 	2	[{"changed": {"fields": ["\\u0412\\u043b\\u0430\\u0434\\u0435\\u043b\\u0435\\u0446"]}}]	7	4
35	2023-07-17 23:35:56.493023+03	2	биология 	2	[{"changed": {"fields": ["\\u0412\\u043b\\u0430\\u0434\\u0435\\u043b\\u0435\\u0446"]}}]	7	4
36	2023-07-17 23:37:29.407251+03	6	Обществознание 	1	[{"added": {}}]	7	4
37	2023-07-17 23:37:45.826894+03	6	Обществознание 	2	[{"changed": {"fields": ["\\u0412\\u043b\\u0430\\u0434\\u0435\\u043b\\u0435\\u0446"]}}]	7	4
38	2023-07-17 23:42:48.581301+03	7	Уроки труда 	1	[{"added": {}}]	7	4
39	2023-07-17 23:43:31.58684+03	8	Физкультура 	1	[{"added": {}}]	7	4
40	2023-07-22 21:24:17.490368+03	8	Физкультура 	2	[{"changed": {"fields": ["\\u0412\\u043b\\u0430\\u0434\\u0435\\u043b\\u0435\\u0446"]}}]	7	4
41	2023-07-24 23:58:03.468818+03	2	fastfastpost@yandex.ru	2	[{"changed": {"fields": ["Password", "\\u041f\\u043e\\u0447\\u0442\\u0430"]}}]	6	4
42	2023-07-24 23:58:35.222466+03	7	Подписка fastfastpost@yandex.ru, курс "Курс физики "	1	[{"added": {}}]	13	4
43	2023-07-25 22:43:43.529932+03	9	Курс уроков физики 	2	[{"changed": {"fields": ["\\u0412\\u043b\\u0430\\u0434\\u0435\\u043b\\u0435\\u0446"]}}]	7	4
44	2023-07-25 23:05:21.769966+03	4	Астрономия 	2	[{"changed": {"fields": ["\\u0412\\u043b\\u0430\\u0434\\u0435\\u043b\\u0435\\u0446"]}}]	7	4
45	2023-07-25 23:09:26.771543+03	4	Астрономия4 	2	[{"changed": {"fields": ["\\u041a\\u0443\\u0440\\u0441"]}}]	7	4
46	2023-07-25 23:09:38.098637+03	7	Подписка fastfastpost@yandex.ru, курс "Астрономия4 "	2	[{"changed": {"fields": ["Curs"]}}]	13	4
47	2023-08-01 20:46:15.989979+03	19	Урок беспозвоночные, курс Курс уроков биологии  	2	[{"changed": {"fields": ["\\u0426\\u0435\\u043d\\u0430 \\u0443\\u0440\\u043e\\u043a\\u0430, \\u0440\\u0443\\u0431."]}}]	8	4
48	2023-08-01 20:46:26.0802+03	18	Урок беспозвоночные, курс Курс уроков биологии  	2	[{"changed": {"fields": ["\\u0426\\u0435\\u043d\\u0430 \\u0443\\u0440\\u043e\\u043a\\u0430, \\u0440\\u0443\\u0431."]}}]	8	4
49	2023-08-01 20:46:50.652477+03	17	Урок беспозвоночные, курс Курс уроков биологии  	3		8	4
50	2023-08-01 20:46:50.69347+03	16	Урок беспозвоночные, курс Курс уроков биологии  	3		8	4
51	2023-08-01 20:46:50.697478+03	15	Урок беспозвоночные, курс Курс уроков биологии  	3		8	4
52	2023-08-01 20:46:50.701474+03	14	Урок беспозвоночные, курс Курс уроков биологии  	3		8	4
53	2023-08-01 20:47:00.124783+03	13	Урок простейшие, курс Курс уроков биологии  	2	[{"changed": {"fields": ["\\u0426\\u0435\\u043d\\u0430 \\u0443\\u0440\\u043e\\u043a\\u0430, \\u0440\\u0443\\u0431."]}}]	8	4
54	2023-08-01 20:47:08.118065+03	12	Урок млекопитающие, курс Курс уроков биологии  	2	[{"changed": {"fields": ["\\u0426\\u0435\\u043d\\u0430 \\u0443\\u0440\\u043e\\u043a\\u0430, \\u0440\\u0443\\u0431."]}}]	8	4
55	2023-08-01 20:47:15.231339+03	9	Урок введение в экономику, курс Астрономия  	2	[{"changed": {"fields": ["\\u0426\\u0435\\u043d\\u0430 \\u0443\\u0440\\u043e\\u043a\\u0430, \\u0440\\u0443\\u0431."]}}]	8	4
56	2023-08-01 20:47:28.13644+03	2	Урок Системы уравнений, курс Математика  	2	[{"changed": {"fields": ["\\u0412\\u043b\\u0430\\u0434\\u0435\\u043b\\u0435\\u0446", "\\u0426\\u0435\\u043d\\u0430 \\u0443\\u0440\\u043e\\u043a\\u0430, \\u0440\\u0443\\u0431."]}}]	8	4
57	2023-08-01 20:47:39.302982+03	3	Урок введение в алгебру, курс Математика  	2	[{"changed": {"fields": ["\\u0412\\u043b\\u0430\\u0434\\u0435\\u043b\\u0435\\u0446", "\\u0426\\u0435\\u043d\\u0430 \\u0443\\u0440\\u043e\\u043a\\u0430, \\u0440\\u0443\\u0431."]}}]	8	4
58	2023-08-01 20:48:23.503344+03	1	Астрономия 	2	[{"changed": {"fields": ["\\u0426\\u0435\\u043d\\u0430 \\u043a\\u0443\\u0440\\u0441\\u0430, \\u0440\\u0443\\u0431."]}}]	7	4
59	2023-08-01 20:48:23.882339+03	1	Астрономия 	2	[]	7	4
60	2023-08-01 20:48:40.126571+03	2	Курс уроков биологии 	2	[{"changed": {"fields": ["\\u0426\\u0435\\u043d\\u0430 \\u043a\\u0443\\u0440\\u0441\\u0430, \\u0440\\u0443\\u0431."]}}]	7	4
61	2023-08-01 20:48:48.494795+03	3	Математика 	2	[{"changed": {"fields": ["\\u0426\\u0435\\u043d\\u0430 \\u043a\\u0443\\u0440\\u0441\\u0430, \\u0440\\u0443\\u0431."]}}]	7	4
62	2023-08-01 20:48:56.4807+03	4	Астрономия 	2	[{"changed": {"fields": ["\\u0426\\u0435\\u043d\\u0430 \\u043a\\u0443\\u0440\\u0441\\u0430, \\u0440\\u0443\\u0431."]}}]	7	4
63	2023-08-01 20:49:04.508083+03	5	Экономика 	2	[{"changed": {"fields": ["\\u0426\\u0435\\u043d\\u0430 \\u043a\\u0443\\u0440\\u0441\\u0430, \\u0440\\u0443\\u0431."]}}]	7	4
64	2023-08-01 20:49:12.146742+03	6	Обществознание 	2	[{"changed": {"fields": ["\\u0426\\u0435\\u043d\\u0430 \\u043a\\u0443\\u0440\\u0441\\u0430, \\u0440\\u0443\\u0431."]}}]	7	4
65	2023-08-03 12:42:20.061767+03	1	каждые минут	1	[{"added": {}}]	16	4
66	2023-08-03 12:42:28.486364+03	1	filter: каждые минут	1	[{"added": {}}]	17	4
67	2023-08-03 12:57:39.783194+03	1	filter: каждые минут	2	[{"changed": {"fields": ["Start Datetime"]}}]	17	4
68	2023-08-03 13:03:23.779292+03	2	check_status_payment: каждые минут	1	[{"added": {}}]	17	4
69	2023-08-03 14:10:08.836422+03	1	filter: каждые минут	2	[]	17	4
70	2023-08-03 14:35:17.218136+03	2	check_status_payment: каждые минут	2	[{"changed": {"fields": ["Enabled"]}}]	17	4
71	2023-08-03 14:35:26.374505+03	2	check_status_payment: каждые минут	2	[{"changed": {"fields": ["Enabled"]}}]	17	4
72	2023-08-03 14:38:01.482289+03	3	check_filter: каждые минут	1	[{"added": {}}]	17	4
73	2023-08-03 14:43:33.994159+03	1	filter_car: каждые минут	2	[{"changed": {"fields": ["Name"]}}]	17	4
74	2023-08-03 14:44:42.555697+03	1	cars.tasks.check_milage: каждые минут	2	[{"changed": {"fields": ["Name", "Task (custom)"]}}]	17	4
75	2023-08-03 14:50:57.889005+03	2	check_status_payment: каждые минут	2	[]	17	4
76	2023-08-04 23:36:34.781435+03	4	user_auth.tasks.task_check_last_login: каждые минут	1	[{"added": {}}]	17	4
77	2023-08-05 10:42:10.446025+03	7	Уроки труда 	2	[{"changed": {"fields": ["\\u0412\\u043b\\u0430\\u0434\\u0435\\u043b\\u0435\\u0446"]}}]	7	4
78	2023-08-05 10:42:52.073385+03	4	Астрономия 	2	[{"changed": {"fields": ["\\u0412\\u043b\\u0430\\u0434\\u0435\\u043b\\u0435\\u0446"]}}]	7	4
79	2023-08-05 10:43:59.658287+03	8	Подписка fastpost@yandex.ru, курс "Уроки труда "	1	[{"added": {}}]	13	4
80	2023-08-05 13:09:46.140955+03	3	check_filter: каждые минут	3		17	4
81	2023-08-05 13:09:46.235048+03	1	cars.tasks.check_milage: каждые минут	3		17	4
82	2023-08-13 13:50:21.108006+03	7	fastpost@rambler.ru	2	[{"changed": {"fields": ["Active", "Date joined"]}}]	6	4
83	2023-08-18 19:30:41.28816+03	2	check_status_payment: каждые минут	3		17	4
84	2023-08-18 19:31:08.818055+03	6	task-name: каждые 600 секунды	3		17	4
85	2023-08-18 19:31:08.824028+03	4	user_auth.tasks.task_check_last_login: каждые минут	3		17	4
86	2023-08-22 00:16:46.681001+03	8	fastpost@yandex.ru	3		6	4
87	2023-08-22 00:16:46.874239+03	7	fastpost@rambler.ru	3		6	4
88	2023-08-22 00:16:46.877234+03	2	fastfastpost@yandex.ru	3		6	4
89	2023-08-22 00:17:49.575404+03	8	fastpost@yandex.ru	3		6	4
90	2023-08-22 00:17:49.581391+03	7	fastpost@rambler.ru	3		6	4
91	2023-08-22 00:18:12.944607+03	2	fast@yandex.ru	2	[{"changed": {"fields": ["\\u041f\\u043e\\u0447\\u0442\\u0430"]}}]	6	4
92	2023-08-25 00:21:41.19488+03	2	fast@yandex.ru	2	[{"changed": {"fields": ["\\u0422\\u0435\\u043b\\u0435\\u0444\\u043e\\u043d"]}}]	6	4
93	2023-08-25 00:21:55.143218+03	4	admin@admin.pro	2	[{"changed": {"fields": ["\\u0422\\u0435\\u043b\\u0435\\u0444\\u043e\\u043d"]}}]	6	4
94	2023-08-25 00:23:59.873711+03	5	manager@manager.ru	2	[]	6	4
95	2023-08-25 00:25:17.524812+03	6	Урок простейшие, курс Курс уроков биологии  	2	[]	8	4
96	2023-08-25 00:25:18.198719+03	6	Урок простейшие, курс Курс уроков биологии  	2	[]	8	4
97	2023-08-25 00:25:28.674437+03	6	Обществознание 	2	[]	7	4
\.


--
-- Data for Name: django_celery_beat_clockedschedule; Type: TABLE DATA; Schema: public; Owner: postgres
--

COPY public.django_celery_beat_clockedschedule (id, clocked_time) FROM stdin;
\.


--
-- Data for Name: django_celery_beat_crontabschedule; Type: TABLE DATA; Schema: public; Owner: postgres
--

COPY public.django_celery_beat_crontabschedule (id, minute, hour, day_of_week, day_of_month, month_of_year, timezone) FROM stdin;
1	0	4	*	*	*	Europe/Moscow
\.


--
-- Data for Name: django_celery_beat_intervalschedule; Type: TABLE DATA; Schema: public; Owner: postgres
--

COPY public.django_celery_beat_intervalschedule (id, every, period) FROM stdin;
1	1	minutes
2	600	seconds
\.


--
-- Data for Name: django_celery_beat_periodictask; Type: TABLE DATA; Schema: public; Owner: postgres
--

COPY public.django_celery_beat_periodictask (id, name, task, args, kwargs, queue, exchange, routing_key, expires, enabled, last_run_at, total_run_count, date_changed, description, crontab_id, interval_id, solar_id, one_off, start_time, priority, headers, clocked_id, expire_seconds) FROM stdin;
5	celery.backend_cleanup	celery.backend_cleanup	[]	{}	\N	\N	\N	\N	t	2023-08-18 04:53:23.139646+03	1	2023-08-18 08:35:50.55547+03		1	\N	\N	f	\N	\N	{}	\N	43200
\.


--
-- Data for Name: django_celery_beat_periodictasks; Type: TABLE DATA; Schema: public; Owner: postgres
--

COPY public.django_celery_beat_periodictasks (ident, last_update) FROM stdin;
1	2023-08-18 19:31:08.923835+03
\.


--
-- Data for Name: django_celery_beat_solarschedule; Type: TABLE DATA; Schema: public; Owner: postgres
--

COPY public.django_celery_beat_solarschedule (id, event, latitude, longitude) FROM stdin;
\.


--
-- Data for Name: django_content_type; Type: TABLE DATA; Schema: public; Owner: postgres
--

COPY public.django_content_type (id, app_label, model) FROM stdin;
1	admin	logentry
2	auth	permission
3	auth	group
4	contenttypes	contenttype
5	sessions	session
6	user_auth	user
7	university	curs
8	university	lesson
9	cars	car
10	cars	motorcycle
11	university	paying
12	cars	milage
13	university	subscription
14	payments	paying
15	django_celery_beat	crontabschedule
16	django_celery_beat	intervalschedule
17	django_celery_beat	periodictask
18	django_celery_beat	periodictasks
19	django_celery_beat	solarschedule
20	django_celery_beat	clockedschedule
\.


--
-- Data for Name: django_migrations; Type: TABLE DATA; Schema: public; Owner: postgres
--

COPY public.django_migrations (id, app, name, applied) FROM stdin;
1	contenttypes	0001_initial	2023-07-08 22:47:31.12021+03
2	contenttypes	0002_remove_content_type_name	2023-07-08 22:47:31.151436+03
3	auth	0001_initial	2023-07-08 22:47:31.35457+03
4	auth	0002_alter_permission_name_max_length	2023-07-08 22:47:31.370208+03
5	auth	0003_alter_user_email_max_length	2023-07-08 22:47:31.385805+03
6	auth	0004_alter_user_username_opts	2023-07-08 22:47:31.401456+03
7	auth	0005_alter_user_last_login_null	2023-07-08 22:47:31.417052+03
8	auth	0006_require_contenttypes_0002	2023-07-08 22:47:31.432687+03
9	auth	0007_alter_validators_add_error_messages	2023-07-08 22:47:31.448316+03
10	auth	0008_alter_user_username_max_length	2023-07-08 22:47:31.463932+03
11	auth	0009_alter_user_last_name_max_length	2023-07-08 22:47:31.480186+03
12	auth	0010_alter_group_name_max_length	2023-07-08 22:47:31.497058+03
13	auth	0011_update_proxy_permissions	2023-07-08 22:47:31.512682+03
14	auth	0012_alter_user_first_name_max_length	2023-07-08 22:47:31.528307+03
15	user_auth	0001_initial	2023-07-08 22:47:31.747041+03
16	admin	0001_initial	2023-07-08 22:47:31.872055+03
17	admin	0002_logentry_remove_auto_add	2023-07-08 22:47:31.887683+03
18	admin	0003_logentry_add_action_flag_choices	2023-07-08 22:47:31.918921+03
19	cars	0001_initial	2023-07-08 22:47:31.965801+03
20	sessions	0001_initial	2023-07-08 22:47:32.061841+03
21	university	0001_initial	2023-07-08 22:47:32.171051+03
22	cars	0002_milage	2023-07-09 16:39:36.677807+03
23	university	0002_paying	2023-07-09 16:39:36.848808+03
24	cars	0003_alter_milage_options	2023-07-10 00:05:08.850275+03
25	university	0003_alter_paying_user	2023-07-10 00:05:09.619841+03
26	cars	0004_rename_millage_milage_milage_alter_milage_car	2023-07-11 00:30:48.603087+03
27	cars	0005_car_owner_motorcycle_owner	2023-07-15 11:18:49.030526+03
28	university	0004_curs_owner_lesson_owner	2023-07-15 11:47:39.098889+03
29	university	0005_subscription	2023-07-23 21:04:18.916267+03
30	university	0006_remove_subscription_subscribed	2023-07-25 00:07:05.753985+03
31	university	0007_delete_paying	2023-07-29 23:47:14.974639+03
32	payments	0001_initial	2023-07-29 23:47:15.674516+03
33	payments	0002_paying_id_intent_paying_status_and_more	2023-07-30 00:21:43.704836+03
34	university	0008_curs_amount_lesson_amount	2023-08-01 20:45:05.588901+03
35	university	0009_alter_curs_amount	2023-08-01 22:31:18.201663+03
36	user_auth	0002_user_id_payment_method	2023-08-01 22:31:18.398861+03
37	user_auth	0003_alter_user_id_payment_method	2023-08-01 23:35:07.219279+03
38	payments	0003_alter_paying_amount	2023-08-02 03:21:02.542515+03
39	django_celery_beat	0001_initial	2023-08-02 22:34:16.203988+03
40	django_celery_beat	0002_auto_20161118_0346	2023-08-02 22:34:16.549573+03
41	django_celery_beat	0003_auto_20161209_0049	2023-08-02 22:34:16.709863+03
42	django_celery_beat	0004_auto_20170221_0000	2023-08-02 22:34:16.741043+03
43	django_celery_beat	0005_add_solarschedule_events_choices	2023-08-02 22:34:16.756664+03
44	django_celery_beat	0006_auto_20180322_0932	2023-08-02 22:34:17.241102+03
45	django_celery_beat	0007_auto_20180521_0826	2023-08-02 22:34:17.287815+03
46	django_celery_beat	0008_auto_20180914_1922	2023-08-02 22:34:17.334828+03
47	django_celery_beat	0006_auto_20180210_1226	2023-08-02 22:34:18.244972+03
48	django_celery_beat	0006_periodictask_priority	2023-08-02 22:34:18.276237+03
49	django_celery_beat	0009_periodictask_headers	2023-08-02 22:34:18.307491+03
50	django_celery_beat	0010_auto_20190429_0326	2023-08-02 22:34:18.607885+03
51	django_celery_beat	0011_auto_20190508_0153	2023-08-02 22:34:18.951646+03
52	django_celery_beat	0012_periodictask_expire_seconds	2023-08-02 22:34:18.982888+03
53	django_celery_beat	0013_auto_20200609_0727	2023-08-02 22:34:18.99852+03
54	django_celery_beat	0014_remove_clockedschedule_enabled	2023-08-02 22:34:19.178392+03
55	django_celery_beat	0015_edit_solarschedule_events_choices	2023-08-02 22:34:19.193245+03
56	django_celery_beat	0016_alter_crontabschedule_timezone	2023-08-02 22:34:19.214972+03
57	django_celery_beat	0017_alter_crontabschedule_month_of_year	2023-08-02 22:34:19.230597+03
58	django_celery_beat	0018_improve_crontab_helptext	2023-08-02 22:34:19.246215+03
59	cars	0006_car_price_motorcycle_price	2023-08-02 22:40:52.472223+03
60	cars	0007_rename_model_car_car_model_and_more	2023-08-03 12:51:41.555658+03
\.


--
-- Data for Name: django_session; Type: TABLE DATA; Schema: public; Owner: postgres
--

COPY public.django_session (session_key, session_data, expire_date) FROM stdin;
fp4iz7fqjlohsfc1jynl325nzqi5xdo6	.eJxVjDsOwjAQBe_iGlkbE_8o6XMGa-1d4wCypTipEHeHSCmgfTPzXiLgtpawdV7CTOIiRnH63SKmB9cd0B3rrcnU6rrMUe6KPGiXUyN-Xg_376BgL99aUSbwg4lWRzDZZUZvdLRnCyNnHlLUCiwxAWjM3qG1DsErpxURMIv3B_JFOD0:1qIalK:Pf2ANm342dctOCsGFn4xJRemjVzj7DaFaPu4P1vgeyU	2023-07-23 23:12:06.53069+03
plh3b6yu5w8dm5ld7tlrs3phfj4yfkfn	.eJxVjDsOwjAQBe_iGlkbE_8o6XMGa-1d4wCypTipEHeHSCmgfTPzXiLgtpawdV7CTOIiRnH63SKmB9cd0B3rrcnU6rrMUe6KPGiXUyN-Xg_376BgL99aUSbwg4lWRzDZZUZvdLRnCyNnHlLUCiwxAWjM3qG1DsErpxURMIv3B_JFOD0:1qS1TL:HMpP2g2TWisreei9GJrnlEzTz5WmMZpDTsJOxrCHrfA	2023-08-18 23:32:31.594203+03
44zwz9y2q6u849hbsbgb8wm6ieovuo9q	.eJxVjDsOwjAQBe_iGlkbE_8o6XMGa-1d4wCypTipEHeHSCmgfTPzXiLgtpawdV7CTOIiRnH63SKmB9cd0B3rrcnU6rrMUe6KPGiXUyN-Xg_376BgL99aUSbwg4lWRzDZZUZvdLRnCyNnHlLUCiwxAWjM3qG1DsErpxURMIv3B_JFOD0:1qSBmV:7EEHShfaFRYhptPvanadGoxndkDxtGiJUCpmes9juFY	2023-08-19 10:32:59.756973+03
yl0twsgtq52h8naf15kaziye9fusm6yi	.eJxVjDsOwjAQBe_iGlkbE_8o6XMGa-1d4wCypTipEHeHSCmgfTPzXiLgtpawdV7CTOIiRnH63SKmB9cd0B3rrcnU6rrMUe6KPGiXUyN-Xg_376BgL99aUSbwg4lWRzDZZUZvdLRnCyNnHlLUCiwxAWjM3qG1DsErpxURMIv3B_JFOD0:1qV8eQ:ft7lUB_J8nJP16xl_UXQbreuZBzJpuocYl9HIW5qL2c	2023-08-27 13:48:50.569317+03
781on7krcp8mm43ct886bio9sojqvqic	.eJxVjDsOwjAQBe_iGlkbE_8o6XMGa-1d4wCypTipEHeHSCmgfTPzXiLgtpawdV7CTOIiRnH63SKmB9cd0B3rrcnU6rrMUe6KPGiXUyN-Xg_376BgL99aUSbwg4lWRzDZZUZvdLRnCyNnHlLUCiwxAWjM3qG1DsErpxURMIv3B_JFOD0:1qVe5H:VdqML_cYCnKgdjsjTfShfx6G_TGUJlnuUEjFL2lkT9M	2023-08-28 23:22:39.549988+03
l50w1lzqtxcyxzf8ejrupy1lag2z1ggs	.eJxVjDsOwjAQBe_iGlkbE_8o6XMGa-1d4wCypTipEHeHSCmgfTPzXiLgtpawdV7CTOIiRnH63SKmB9cd0B3rrcnU6rrMUe6KPGiXUyN-Xg_376BgL99aUSbwg4lWRzDZZUZvdLRnCyNnHlLUCiwxAWjM3qG1DsErpxURMIv3B_JFOD0:1qX2EI:X6v1p3mo8j9-4ZcX672xdVMJHZ4jxtRijGMXtpMzsiw	2023-09-01 19:21:42.886105+03
vrfuxpg9tf21qra5ajmil1voscxazvwv	.eJxVjDsOwjAQBe_iGlkbE_8o6XMGa-1d4wCypTipEHeHSCmgfTPzXiLgtpawdV7CTOIiRnH63SKmB9cd0B3rrcnU6rrMUe6KPGiXUyN-Xg_376BgL99aUSbwg4lWRzDZZUZvdLRnCyNnHlLUCiwxAWjM3qG1DsErpxURMIv3B_JFOD0:1qYBZN:EmQ6mpLMf3S0zDFhFE7DXFm-2Jae_H7SQBcgdTJNkYE	2023-09-04 23:32:13.132062+03
\.


--
-- Data for Name: payments_paying; Type: TABLE DATA; Schema: public; Owner: postgres
--

COPY public.payments_paying (id, date_pay, amount, payment_method, paid_for_curs_id, paid_for_lesson_id, user_id, id_intent, status) FROM stdin;
1	2023-07-30	1000	card	1	\N	1	\N	\N
7	2023-08-01	10000	transfer	\N	\N	2	\N	\N
3	2023-08-02	1000	card	1	\N	1	pi_3NZgc9CmVj9tDYUU1E1zNPn4	succeeded
9	2023-08-02	5000	card	1	\N	2	pi_3NaNOZCmVj9tDYUU1SFeMeXg	succeeded
10	2023-08-02	300	card	\N	2	2	pi_3NaNOlCmVj9tDYUU1CJ9nP4c	succeeded
16	2023-08-02	3225	card	5	\N	2	pi_3NaaKlCmVj9tDYUU1yniKg66	succeeded
2	2023-08-05	1000	card	1	\N	1	pi_3NZf3ECmVj9tDYUU1YEPXQsC	requires_payment_method
4	2023-08-05	1000	card	1	\N	1	pi_3NZgt5CmVj9tDYUU1lRYaro9	requires_payment_method
5	2023-08-05	1000	card	1	\N	1	pi_3NZoatCmVj9tDYUU0X0j4OSU	requires_payment_method
6	2023-08-05	1000	card	1	\N	1	pi_3NZoiBCmVj9tDYUU10lIbJGF	requires_payment_method
8	2023-08-05	5000	card	1	\N	2	pi_3NaNNSCmVj9tDYUU0R6hTKNB	requires_payment_method
14	2023-08-05	3225	card	5	\N	2	pi_3NaaBcCmVj9tDYUU0FaqyMfQ	requires_payment_method
15	2023-08-05	3225	card	5	\N	2	pi_3NaaIFCmVj9tDYUU0dQFjss8	requires_payment_method
\.


--
-- Data for Name: university_curs; Type: TABLE DATA; Schema: public; Owner: postgres
--

COPY public.university_curs (id, title, preview, description, owner_id, amount) FROM stdin;
4	Астрономия		Уроки астрономии для школьников 10 класс/	\N	3500
7	Уроки труда		Уроки труда для учеников 6-го класса	\N	\N
8	Физкультура		Уроки физкультуры	3	\N
6	Обществознание		Курс для учеников начальной школы	1	5800
9	Курс уроков физики		Курс для 7-го класса.	2	\N
1	Астрономия	university/curs/physics.jpg	Уроки астрономии для школьников 10 класс.	1	5000
2	Курс уроков биологии	university/curs/biology.jpg	Курс для 6-го класса	3	3500
3	Математика	university/curs/math.jpg	Курс математики для школьников	1	2800
5	Экономика		Курс экономики	1	3225
\.


--
-- Data for Name: university_lesson; Type: TABLE DATA; Schema: public; Owner: postgres
--

COPY public.university_lesson (id, title, description, preview, url_video, curs_id, owner_id, amount) FROM stdin;
5	одноклеточные	3-й урок		\N	2	\N	\N
8	введение в политологию	уроки для студентов 1-го курса		\N	4	\N	\N
11	многоклеточные	4-й урок		\N	2	1	\N
10	многоклеточные	5-й урок		\N	2	1	\N
4	введение физику	1-й урок		\N	1	1	\N
19	беспозвоночные	7-й урок		https://www.youtube.com/123/	2	3	300
18	беспозвоночные	7-й урок		https://my.sky.pro/student-cabinet/stream-lesson/60285/theory/2	2	3	300
13	простейшие	6-й урок		https://www.youtube.com/123/	2	3	400
12	млекопитающие	6-й урок		https://www.youtube.com/123/	2	3	600
9	введение в экономику	уроки для студентов 1-го курса		\N	4	1	500
2	Системы уравнений	10-й урок		\N	3	3	300
3	введение в алгебру	1-й урок		\N	3	3	250
6	простейшие	2-й урок		\N	2	\N	\N
\.


--
-- Data for Name: university_subscription; Type: TABLE DATA; Schema: public; Owner: postgres
--

COPY public.university_subscription (id, curs_id, user_id) FROM stdin;
1	1	3
2	2	3
4	3	3
5	4	3
7	4	2
\.


--
-- Data for Name: user_auth_user; Type: TABLE DATA; Schema: public; Owner: postgres
--

COPY public.user_auth_user (id, password, last_login, is_superuser, first_name, last_name, is_staff, is_active, date_joined, email, phone, avatar, country, id_payment_method) FROM stdin;
3	pbkdf2_sha256$600000$yAI4d1LD9EvZSNJ4vaRngD$A6UM8IyjYa3Wan4S/5EW5JAarkpKC6lo6G/p2ArpMzc=	2023-08-04 22:41:40.119639+03	f			f	f	2023-07-09 17:33:36.267471+03	user1@mail.ru	232123		New Zeland	\N
2	pbkdf2_sha256$600000$4yRMSZiQngQjU2mlzk5Zyj$+CVKzToj3w2M8g8gteDfNyhak50JXCrZ3a8/r5TcMUg=	2023-08-04 22:41:40+03	f			f	f	2023-07-09 00:14:08+03	fast@yandex.ru	1234567891		Country	pm_1NaaOnCmVj9tDYUUgUhT7k1b
4	pbkdf2_sha256$600000$oJlyOAqthoQV3MkWApsLDH$CIMG3On2v5D+e7Z7hXjN52/8w/SgbGqfUvsAEjXn/dc=	2023-08-21 23:32:12+03	t	Admin	SuperAdmin	t	t	2023-07-09 23:11:50+03	admin@admin.pro	121		\N	\N
5	pbkdf2_sha256$600000$bo0TITjP2JczE5xz3FtXZu$4ivxbNX0ZgbUdHwrRcu1jxhi7YacVwdKt97edBMg/ew=	\N	f	manager	moderator	t	t	2023-07-15 10:03:01+03	manager@manager.ru	\N		\N	\N
1	pbkdf2_sha256$600000$n3tNwugrrqJOj23JtpWZpJ$MSgIzQ+oo60ug6+8hWM+ulqGSpYON5NX3y5HrRrr5iM=	2023-08-04 22:41:40.119639+03	f			f	f	2023-07-09 00:13:47.322402+03	example@example.com	1234567890		Country	\N
\.


--
-- Data for Name: user_auth_user_groups; Type: TABLE DATA; Schema: public; Owner: postgres
--

COPY public.user_auth_user_groups (id, user_id, group_id) FROM stdin;
1	5	1
\.


--
-- Data for Name: user_auth_user_user_permissions; Type: TABLE DATA; Schema: public; Owner: postgres
--

COPY public.user_auth_user_user_permissions (id, user_id, permission_id) FROM stdin;
\.


--
-- Name: auth_group_id_seq; Type: SEQUENCE SET; Schema: public; Owner: postgres
--

SELECT pg_catalog.setval('public.auth_group_id_seq', 2, true);


--
-- Name: auth_group_permissions_id_seq; Type: SEQUENCE SET; Schema: public; Owner: postgres
--

SELECT pg_catalog.setval('public.auth_group_permissions_id_seq', 24, true);


--
-- Name: auth_permission_id_seq; Type: SEQUENCE SET; Schema: public; Owner: postgres
--

SELECT pg_catalog.setval('public.auth_permission_id_seq', 80, true);


--
-- Name: cars_car_id_seq; Type: SEQUENCE SET; Schema: public; Owner: postgres
--

SELECT pg_catalog.setval('public.cars_car_id_seq', 3, true);


--
-- Name: cars_milage_id_seq; Type: SEQUENCE SET; Schema: public; Owner: postgres
--

SELECT pg_catalog.setval('public.cars_milage_id_seq', 18, true);


--
-- Name: cars_motorcycle_id_seq; Type: SEQUENCE SET; Schema: public; Owner: postgres
--

SELECT pg_catalog.setval('public.cars_motorcycle_id_seq', 3, true);


--
-- Name: django_admin_log_id_seq; Type: SEQUENCE SET; Schema: public; Owner: postgres
--

SELECT pg_catalog.setval('public.django_admin_log_id_seq', 97, true);


--
-- Name: django_celery_beat_clockedschedule_id_seq; Type: SEQUENCE SET; Schema: public; Owner: postgres
--

SELECT pg_catalog.setval('public.django_celery_beat_clockedschedule_id_seq', 1, false);


--
-- Name: django_celery_beat_crontabschedule_id_seq; Type: SEQUENCE SET; Schema: public; Owner: postgres
--

SELECT pg_catalog.setval('public.django_celery_beat_crontabschedule_id_seq', 1, true);


--
-- Name: django_celery_beat_intervalschedule_id_seq; Type: SEQUENCE SET; Schema: public; Owner: postgres
--

SELECT pg_catalog.setval('public.django_celery_beat_intervalschedule_id_seq', 2, true);


--
-- Name: django_celery_beat_periodictask_id_seq; Type: SEQUENCE SET; Schema: public; Owner: postgres
--

SELECT pg_catalog.setval('public.django_celery_beat_periodictask_id_seq', 6, true);


--
-- Name: django_celery_beat_solarschedule_id_seq; Type: SEQUENCE SET; Schema: public; Owner: postgres
--

SELECT pg_catalog.setval('public.django_celery_beat_solarschedule_id_seq', 1, false);


--
-- Name: django_content_type_id_seq; Type: SEQUENCE SET; Schema: public; Owner: postgres
--

SELECT pg_catalog.setval('public.django_content_type_id_seq', 20, true);


--
-- Name: django_migrations_id_seq; Type: SEQUENCE SET; Schema: public; Owner: postgres
--

SELECT pg_catalog.setval('public.django_migrations_id_seq', 60, true);


--
-- Name: payments_paying_id_seq; Type: SEQUENCE SET; Schema: public; Owner: postgres
--

SELECT pg_catalog.setval('public.payments_paying_id_seq', 16, true);


--
-- Name: university_curs_id_seq; Type: SEQUENCE SET; Schema: public; Owner: postgres
--

SELECT pg_catalog.setval('public.university_curs_id_seq', 9, true);


--
-- Name: university_lesson_id_seq; Type: SEQUENCE SET; Schema: public; Owner: postgres
--

SELECT pg_catalog.setval('public.university_lesson_id_seq', 19, true);


--
-- Name: university_subscription_id_seq; Type: SEQUENCE SET; Schema: public; Owner: postgres
--

SELECT pg_catalog.setval('public.university_subscription_id_seq', 8, true);


--
-- Name: user_auth_user_groups_id_seq; Type: SEQUENCE SET; Schema: public; Owner: postgres
--

SELECT pg_catalog.setval('public.user_auth_user_groups_id_seq', 1, true);


--
-- Name: user_auth_user_id_seq; Type: SEQUENCE SET; Schema: public; Owner: postgres
--

SELECT pg_catalog.setval('public.user_auth_user_id_seq', 8, true);


--
-- Name: user_auth_user_user_permissions_id_seq; Type: SEQUENCE SET; Schema: public; Owner: postgres
--

SELECT pg_catalog.setval('public.user_auth_user_user_permissions_id_seq', 1, false);


--
-- Name: auth_group auth_group_name_key; Type: CONSTRAINT; Schema: public; Owner: postgres
--

ALTER TABLE ONLY public.auth_group
    ADD CONSTRAINT auth_group_name_key UNIQUE (name);


--
-- Name: auth_group_permissions auth_group_permissions_group_id_permission_id_0cd325b0_uniq; Type: CONSTRAINT; Schema: public; Owner: postgres
--

ALTER TABLE ONLY public.auth_group_permissions
    ADD CONSTRAINT auth_group_permissions_group_id_permission_id_0cd325b0_uniq UNIQUE (group_id, permission_id);


--
-- Name: auth_group_permissions auth_group_permissions_pkey; Type: CONSTRAINT; Schema: public; Owner: postgres
--

ALTER TABLE ONLY public.auth_group_permissions
    ADD CONSTRAINT auth_group_permissions_pkey PRIMARY KEY (id);


--
-- Name: auth_group auth_group_pkey; Type: CONSTRAINT; Schema: public; Owner: postgres
--

ALTER TABLE ONLY public.auth_group
    ADD CONSTRAINT auth_group_pkey PRIMARY KEY (id);


--
-- Name: auth_permission auth_permission_content_type_id_codename_01ab375a_uniq; Type: CONSTRAINT; Schema: public; Owner: postgres
--

ALTER TABLE ONLY public.auth_permission
    ADD CONSTRAINT auth_permission_content_type_id_codename_01ab375a_uniq UNIQUE (content_type_id, codename);


--
-- Name: auth_permission auth_permission_pkey; Type: CONSTRAINT; Schema: public; Owner: postgres
--

ALTER TABLE ONLY public.auth_permission
    ADD CONSTRAINT auth_permission_pkey PRIMARY KEY (id);


--
-- Name: cars_car cars_car_pkey; Type: CONSTRAINT; Schema: public; Owner: postgres
--

ALTER TABLE ONLY public.cars_car
    ADD CONSTRAINT cars_car_pkey PRIMARY KEY (id);


--
-- Name: cars_milage cars_milage_pkey; Type: CONSTRAINT; Schema: public; Owner: postgres
--

ALTER TABLE ONLY public.cars_milage
    ADD CONSTRAINT cars_milage_pkey PRIMARY KEY (id);


--
-- Name: cars_motorcycle cars_motorcycle_pkey; Type: CONSTRAINT; Schema: public; Owner: postgres
--

ALTER TABLE ONLY public.cars_motorcycle
    ADD CONSTRAINT cars_motorcycle_pkey PRIMARY KEY (id);


--
-- Name: django_admin_log django_admin_log_pkey; Type: CONSTRAINT; Schema: public; Owner: postgres
--

ALTER TABLE ONLY public.django_admin_log
    ADD CONSTRAINT django_admin_log_pkey PRIMARY KEY (id);


--
-- Name: django_celery_beat_clockedschedule django_celery_beat_clockedschedule_pkey; Type: CONSTRAINT; Schema: public; Owner: postgres
--

ALTER TABLE ONLY public.django_celery_beat_clockedschedule
    ADD CONSTRAINT django_celery_beat_clockedschedule_pkey PRIMARY KEY (id);


--
-- Name: django_celery_beat_crontabschedule django_celery_beat_crontabschedule_pkey; Type: CONSTRAINT; Schema: public; Owner: postgres
--

ALTER TABLE ONLY public.django_celery_beat_crontabschedule
    ADD CONSTRAINT django_celery_beat_crontabschedule_pkey PRIMARY KEY (id);


--
-- Name: django_celery_beat_intervalschedule django_celery_beat_intervalschedule_pkey; Type: CONSTRAINT; Schema: public; Owner: postgres
--

ALTER TABLE ONLY public.django_celery_beat_intervalschedule
    ADD CONSTRAINT django_celery_beat_intervalschedule_pkey PRIMARY KEY (id);


--
-- Name: django_celery_beat_periodictask django_celery_beat_periodictask_name_key; Type: CONSTRAINT; Schema: public; Owner: postgres
--

ALTER TABLE ONLY public.django_celery_beat_periodictask
    ADD CONSTRAINT django_celery_beat_periodictask_name_key UNIQUE (name);


--
-- Name: django_celery_beat_periodictask django_celery_beat_periodictask_pkey; Type: CONSTRAINT; Schema: public; Owner: postgres
--

ALTER TABLE ONLY public.django_celery_beat_periodictask
    ADD CONSTRAINT django_celery_beat_periodictask_pkey PRIMARY KEY (id);


--
-- Name: django_celery_beat_periodictasks django_celery_beat_periodictasks_pkey; Type: CONSTRAINT; Schema: public; Owner: postgres
--

ALTER TABLE ONLY public.django_celery_beat_periodictasks
    ADD CONSTRAINT django_celery_beat_periodictasks_pkey PRIMARY KEY (ident);


--
-- Name: django_celery_beat_solarschedule django_celery_beat_solar_event_latitude_longitude_ba64999a_uniq; Type: CONSTRAINT; Schema: public; Owner: postgres
--

ALTER TABLE ONLY public.django_celery_beat_solarschedule
    ADD CONSTRAINT django_celery_beat_solar_event_latitude_longitude_ba64999a_uniq UNIQUE (event, latitude, longitude);


--
-- Name: django_celery_beat_solarschedule django_celery_beat_solarschedule_pkey; Type: CONSTRAINT; Schema: public; Owner: postgres
--

ALTER TABLE ONLY public.django_celery_beat_solarschedule
    ADD CONSTRAINT django_celery_beat_solarschedule_pkey PRIMARY KEY (id);


--
-- Name: django_content_type django_content_type_app_label_model_76bd3d3b_uniq; Type: CONSTRAINT; Schema: public; Owner: postgres
--

ALTER TABLE ONLY public.django_content_type
    ADD CONSTRAINT django_content_type_app_label_model_76bd3d3b_uniq UNIQUE (app_label, model);


--
-- Name: django_content_type django_content_type_pkey; Type: CONSTRAINT; Schema: public; Owner: postgres
--

ALTER TABLE ONLY public.django_content_type
    ADD CONSTRAINT django_content_type_pkey PRIMARY KEY (id);


--
-- Name: django_migrations django_migrations_pkey; Type: CONSTRAINT; Schema: public; Owner: postgres
--

ALTER TABLE ONLY public.django_migrations
    ADD CONSTRAINT django_migrations_pkey PRIMARY KEY (id);


--
-- Name: django_session django_session_pkey; Type: CONSTRAINT; Schema: public; Owner: postgres
--

ALTER TABLE ONLY public.django_session
    ADD CONSTRAINT django_session_pkey PRIMARY KEY (session_key);


--
-- Name: payments_paying payments_paying_pkey; Type: CONSTRAINT; Schema: public; Owner: postgres
--

ALTER TABLE ONLY public.payments_paying
    ADD CONSTRAINT payments_paying_pkey PRIMARY KEY (id);


--
-- Name: university_curs university_curs_pkey; Type: CONSTRAINT; Schema: public; Owner: postgres
--

ALTER TABLE ONLY public.university_curs
    ADD CONSTRAINT university_curs_pkey PRIMARY KEY (id);


--
-- Name: university_lesson university_lesson_pkey; Type: CONSTRAINT; Schema: public; Owner: postgres
--

ALTER TABLE ONLY public.university_lesson
    ADD CONSTRAINT university_lesson_pkey PRIMARY KEY (id);


--
-- Name: university_subscription university_subscription_pkey; Type: CONSTRAINT; Schema: public; Owner: postgres
--

ALTER TABLE ONLY public.university_subscription
    ADD CONSTRAINT university_subscription_pkey PRIMARY KEY (id);


--
-- Name: university_subscription university_subscription_user_id_curs_id_82c6c723_uniq; Type: CONSTRAINT; Schema: public; Owner: postgres
--

ALTER TABLE ONLY public.university_subscription
    ADD CONSTRAINT university_subscription_user_id_curs_id_82c6c723_uniq UNIQUE (user_id, curs_id);


--
-- Name: user_auth_user user_auth_user_email_key; Type: CONSTRAINT; Schema: public; Owner: postgres
--

ALTER TABLE ONLY public.user_auth_user
    ADD CONSTRAINT user_auth_user_email_key UNIQUE (email);


--
-- Name: user_auth_user_groups user_auth_user_groups_pkey; Type: CONSTRAINT; Schema: public; Owner: postgres
--

ALTER TABLE ONLY public.user_auth_user_groups
    ADD CONSTRAINT user_auth_user_groups_pkey PRIMARY KEY (id);


--
-- Name: user_auth_user_groups user_auth_user_groups_user_id_group_id_6887c85a_uniq; Type: CONSTRAINT; Schema: public; Owner: postgres
--

ALTER TABLE ONLY public.user_auth_user_groups
    ADD CONSTRAINT user_auth_user_groups_user_id_group_id_6887c85a_uniq UNIQUE (user_id, group_id);


--
-- Name: user_auth_user user_auth_user_pkey; Type: CONSTRAINT; Schema: public; Owner: postgres
--

ALTER TABLE ONLY public.user_auth_user
    ADD CONSTRAINT user_auth_user_pkey PRIMARY KEY (id);


--
-- Name: user_auth_user_user_permissions user_auth_user_user_perm_user_id_permission_id_4df7833e_uniq; Type: CONSTRAINT; Schema: public; Owner: postgres
--

ALTER TABLE ONLY public.user_auth_user_user_permissions
    ADD CONSTRAINT user_auth_user_user_perm_user_id_permission_id_4df7833e_uniq UNIQUE (user_id, permission_id);


--
-- Name: user_auth_user_user_permissions user_auth_user_user_permissions_pkey; Type: CONSTRAINT; Schema: public; Owner: postgres
--

ALTER TABLE ONLY public.user_auth_user_user_permissions
    ADD CONSTRAINT user_auth_user_user_permissions_pkey PRIMARY KEY (id);


--
-- Name: auth_group_name_a6ea08ec_like; Type: INDEX; Schema: public; Owner: postgres
--

CREATE INDEX auth_group_name_a6ea08ec_like ON public.auth_group USING btree (name varchar_pattern_ops);


--
-- Name: auth_group_permissions_group_id_b120cbf9; Type: INDEX; Schema: public; Owner: postgres
--

CREATE INDEX auth_group_permissions_group_id_b120cbf9 ON public.auth_group_permissions USING btree (group_id);


--
-- Name: auth_group_permissions_permission_id_84c5c92e; Type: INDEX; Schema: public; Owner: postgres
--

CREATE INDEX auth_group_permissions_permission_id_84c5c92e ON public.auth_group_permissions USING btree (permission_id);


--
-- Name: auth_permission_content_type_id_2f476e4b; Type: INDEX; Schema: public; Owner: postgres
--

CREATE INDEX auth_permission_content_type_id_2f476e4b ON public.auth_permission USING btree (content_type_id);


--
-- Name: cars_car_owner_id_1e7cce4a; Type: INDEX; Schema: public; Owner: postgres
--

CREATE INDEX cars_car_owner_id_1e7cce4a ON public.cars_car USING btree (owner_id);


--
-- Name: cars_milage_car_id_b3077251; Type: INDEX; Schema: public; Owner: postgres
--

CREATE INDEX cars_milage_car_id_b3077251 ON public.cars_milage USING btree (car_id);


--
-- Name: cars_milage_moto_id_6ca1dc79; Type: INDEX; Schema: public; Owner: postgres
--

CREATE INDEX cars_milage_moto_id_6ca1dc79 ON public.cars_milage USING btree (moto_id);


--
-- Name: cars_motorcycle_owner_id_d3593849; Type: INDEX; Schema: public; Owner: postgres
--

CREATE INDEX cars_motorcycle_owner_id_d3593849 ON public.cars_motorcycle USING btree (owner_id);


--
-- Name: django_admin_log_content_type_id_c4bce8eb; Type: INDEX; Schema: public; Owner: postgres
--

CREATE INDEX django_admin_log_content_type_id_c4bce8eb ON public.django_admin_log USING btree (content_type_id);


--
-- Name: django_admin_log_user_id_c564eba6; Type: INDEX; Schema: public; Owner: postgres
--

CREATE INDEX django_admin_log_user_id_c564eba6 ON public.django_admin_log USING btree (user_id);


--
-- Name: django_celery_beat_periodictask_clocked_id_47a69f82; Type: INDEX; Schema: public; Owner: postgres
--

CREATE INDEX django_celery_beat_periodictask_clocked_id_47a69f82 ON public.django_celery_beat_periodictask USING btree (clocked_id);


--
-- Name: django_celery_beat_periodictask_crontab_id_d3cba168; Type: INDEX; Schema: public; Owner: postgres
--

CREATE INDEX django_celery_beat_periodictask_crontab_id_d3cba168 ON public.django_celery_beat_periodictask USING btree (crontab_id);


--
-- Name: django_celery_beat_periodictask_interval_id_a8ca27da; Type: INDEX; Schema: public; Owner: postgres
--

CREATE INDEX django_celery_beat_periodictask_interval_id_a8ca27da ON public.django_celery_beat_periodictask USING btree (interval_id);


--
-- Name: django_celery_beat_periodictask_name_265a36b7_like; Type: INDEX; Schema: public; Owner: postgres
--

CREATE INDEX django_celery_beat_periodictask_name_265a36b7_like ON public.django_celery_beat_periodictask USING btree (name varchar_pattern_ops);


--
-- Name: django_celery_beat_periodictask_solar_id_a87ce72c; Type: INDEX; Schema: public; Owner: postgres
--

CREATE INDEX django_celery_beat_periodictask_solar_id_a87ce72c ON public.django_celery_beat_periodictask USING btree (solar_id);


--
-- Name: django_session_expire_date_a5c62663; Type: INDEX; Schema: public; Owner: postgres
--

CREATE INDEX django_session_expire_date_a5c62663 ON public.django_session USING btree (expire_date);


--
-- Name: django_session_session_key_c0390e0f_like; Type: INDEX; Schema: public; Owner: postgres
--

CREATE INDEX django_session_session_key_c0390e0f_like ON public.django_session USING btree (session_key varchar_pattern_ops);


--
-- Name: payments_paying_paid_for_curs_id_41067867; Type: INDEX; Schema: public; Owner: postgres
--

CREATE INDEX payments_paying_paid_for_curs_id_41067867 ON public.payments_paying USING btree (paid_for_curs_id);


--
-- Name: payments_paying_paid_for_lesson_id_09f7f26d; Type: INDEX; Schema: public; Owner: postgres
--

CREATE INDEX payments_paying_paid_for_lesson_id_09f7f26d ON public.payments_paying USING btree (paid_for_lesson_id);


--
-- Name: payments_paying_user_id_8a40001d; Type: INDEX; Schema: public; Owner: postgres
--

CREATE INDEX payments_paying_user_id_8a40001d ON public.payments_paying USING btree (user_id);


--
-- Name: university_curs_owner_id_4960e6bf; Type: INDEX; Schema: public; Owner: postgres
--

CREATE INDEX university_curs_owner_id_4960e6bf ON public.university_curs USING btree (owner_id);


--
-- Name: university_lesson_curs_id_06ddf954; Type: INDEX; Schema: public; Owner: postgres
--

CREATE INDEX university_lesson_curs_id_06ddf954 ON public.university_lesson USING btree (curs_id);


--
-- Name: university_lesson_owner_id_97fd4574; Type: INDEX; Schema: public; Owner: postgres
--

CREATE INDEX university_lesson_owner_id_97fd4574 ON public.university_lesson USING btree (owner_id);


--
-- Name: university_subscription_curs_id_52eea0a2; Type: INDEX; Schema: public; Owner: postgres
--

CREATE INDEX university_subscription_curs_id_52eea0a2 ON public.university_subscription USING btree (curs_id);


--
-- Name: university_subscription_user_id_52e3ac34; Type: INDEX; Schema: public; Owner: postgres
--

CREATE INDEX university_subscription_user_id_52e3ac34 ON public.university_subscription USING btree (user_id);


--
-- Name: user_auth_user_email_b2452b58_like; Type: INDEX; Schema: public; Owner: postgres
--

CREATE INDEX user_auth_user_email_b2452b58_like ON public.user_auth_user USING btree (email varchar_pattern_ops);


--
-- Name: user_auth_user_groups_group_id_165f3b9d; Type: INDEX; Schema: public; Owner: postgres
--

CREATE INDEX user_auth_user_groups_group_id_165f3b9d ON public.user_auth_user_groups USING btree (group_id);


--
-- Name: user_auth_user_groups_user_id_e339ec14; Type: INDEX; Schema: public; Owner: postgres
--

CREATE INDEX user_auth_user_groups_user_id_e339ec14 ON public.user_auth_user_groups USING btree (user_id);


--
-- Name: user_auth_user_user_permissions_permission_id_2c602bd2; Type: INDEX; Schema: public; Owner: postgres
--

CREATE INDEX user_auth_user_user_permissions_permission_id_2c602bd2 ON public.user_auth_user_user_permissions USING btree (permission_id);


--
-- Name: user_auth_user_user_permissions_user_id_31fb400e; Type: INDEX; Schema: public; Owner: postgres
--

CREATE INDEX user_auth_user_user_permissions_user_id_31fb400e ON public.user_auth_user_user_permissions USING btree (user_id);


--
-- Name: auth_group_permissions auth_group_permissio_permission_id_84c5c92e_fk_auth_perm; Type: FK CONSTRAINT; Schema: public; Owner: postgres
--

ALTER TABLE ONLY public.auth_group_permissions
    ADD CONSTRAINT auth_group_permissio_permission_id_84c5c92e_fk_auth_perm FOREIGN KEY (permission_id) REFERENCES public.auth_permission(id) DEFERRABLE INITIALLY DEFERRED;


--
-- Name: auth_group_permissions auth_group_permissions_group_id_b120cbf9_fk_auth_group_id; Type: FK CONSTRAINT; Schema: public; Owner: postgres
--

ALTER TABLE ONLY public.auth_group_permissions
    ADD CONSTRAINT auth_group_permissions_group_id_b120cbf9_fk_auth_group_id FOREIGN KEY (group_id) REFERENCES public.auth_group(id) DEFERRABLE INITIALLY DEFERRED;


--
-- Name: auth_permission auth_permission_content_type_id_2f476e4b_fk_django_co; Type: FK CONSTRAINT; Schema: public; Owner: postgres
--

ALTER TABLE ONLY public.auth_permission
    ADD CONSTRAINT auth_permission_content_type_id_2f476e4b_fk_django_co FOREIGN KEY (content_type_id) REFERENCES public.django_content_type(id) DEFERRABLE INITIALLY DEFERRED;


--
-- Name: cars_car cars_car_owner_id_1e7cce4a_fk_user_auth_user_id; Type: FK CONSTRAINT; Schema: public; Owner: postgres
--

ALTER TABLE ONLY public.cars_car
    ADD CONSTRAINT cars_car_owner_id_1e7cce4a_fk_user_auth_user_id FOREIGN KEY (owner_id) REFERENCES public.user_auth_user(id) DEFERRABLE INITIALLY DEFERRED;


--
-- Name: cars_milage cars_milage_car_id_b3077251_fk_cars_car_id; Type: FK CONSTRAINT; Schema: public; Owner: postgres
--

ALTER TABLE ONLY public.cars_milage
    ADD CONSTRAINT cars_milage_car_id_b3077251_fk_cars_car_id FOREIGN KEY (car_id) REFERENCES public.cars_car(id) DEFERRABLE INITIALLY DEFERRED;


--
-- Name: cars_milage cars_milage_moto_id_6ca1dc79_fk_cars_motorcycle_id; Type: FK CONSTRAINT; Schema: public; Owner: postgres
--

ALTER TABLE ONLY public.cars_milage
    ADD CONSTRAINT cars_milage_moto_id_6ca1dc79_fk_cars_motorcycle_id FOREIGN KEY (moto_id) REFERENCES public.cars_motorcycle(id) DEFERRABLE INITIALLY DEFERRED;


--
-- Name: cars_motorcycle cars_motorcycle_owner_id_d3593849_fk_user_auth_user_id; Type: FK CONSTRAINT; Schema: public; Owner: postgres
--

ALTER TABLE ONLY public.cars_motorcycle
    ADD CONSTRAINT cars_motorcycle_owner_id_d3593849_fk_user_auth_user_id FOREIGN KEY (owner_id) REFERENCES public.user_auth_user(id) DEFERRABLE INITIALLY DEFERRED;


--
-- Name: django_admin_log django_admin_log_content_type_id_c4bce8eb_fk_django_co; Type: FK CONSTRAINT; Schema: public; Owner: postgres
--

ALTER TABLE ONLY public.django_admin_log
    ADD CONSTRAINT django_admin_log_content_type_id_c4bce8eb_fk_django_co FOREIGN KEY (content_type_id) REFERENCES public.django_content_type(id) DEFERRABLE INITIALLY DEFERRED;


--
-- Name: django_admin_log django_admin_log_user_id_c564eba6_fk_user_auth_user_id; Type: FK CONSTRAINT; Schema: public; Owner: postgres
--

ALTER TABLE ONLY public.django_admin_log
    ADD CONSTRAINT django_admin_log_user_id_c564eba6_fk_user_auth_user_id FOREIGN KEY (user_id) REFERENCES public.user_auth_user(id) DEFERRABLE INITIALLY DEFERRED;


--
-- Name: django_celery_beat_periodictask django_celery_beat_p_clocked_id_47a69f82_fk_django_ce; Type: FK CONSTRAINT; Schema: public; Owner: postgres
--

ALTER TABLE ONLY public.django_celery_beat_periodictask
    ADD CONSTRAINT django_celery_beat_p_clocked_id_47a69f82_fk_django_ce FOREIGN KEY (clocked_id) REFERENCES public.django_celery_beat_clockedschedule(id) DEFERRABLE INITIALLY DEFERRED;


--
-- Name: django_celery_beat_periodictask django_celery_beat_p_crontab_id_d3cba168_fk_django_ce; Type: FK CONSTRAINT; Schema: public; Owner: postgres
--

ALTER TABLE ONLY public.django_celery_beat_periodictask
    ADD CONSTRAINT django_celery_beat_p_crontab_id_d3cba168_fk_django_ce FOREIGN KEY (crontab_id) REFERENCES public.django_celery_beat_crontabschedule(id) DEFERRABLE INITIALLY DEFERRED;


--
-- Name: django_celery_beat_periodictask django_celery_beat_p_interval_id_a8ca27da_fk_django_ce; Type: FK CONSTRAINT; Schema: public; Owner: postgres
--

ALTER TABLE ONLY public.django_celery_beat_periodictask
    ADD CONSTRAINT django_celery_beat_p_interval_id_a8ca27da_fk_django_ce FOREIGN KEY (interval_id) REFERENCES public.django_celery_beat_intervalschedule(id) DEFERRABLE INITIALLY DEFERRED;


--
-- Name: django_celery_beat_periodictask django_celery_beat_p_solar_id_a87ce72c_fk_django_ce; Type: FK CONSTRAINT; Schema: public; Owner: postgres
--

ALTER TABLE ONLY public.django_celery_beat_periodictask
    ADD CONSTRAINT django_celery_beat_p_solar_id_a87ce72c_fk_django_ce FOREIGN KEY (solar_id) REFERENCES public.django_celery_beat_solarschedule(id) DEFERRABLE INITIALLY DEFERRED;


--
-- Name: payments_paying payments_paying_paid_for_curs_id_41067867_fk_university_curs_id; Type: FK CONSTRAINT; Schema: public; Owner: postgres
--

ALTER TABLE ONLY public.payments_paying
    ADD CONSTRAINT payments_paying_paid_for_curs_id_41067867_fk_university_curs_id FOREIGN KEY (paid_for_curs_id) REFERENCES public.university_curs(id) DEFERRABLE INITIALLY DEFERRED;


--
-- Name: payments_paying payments_paying_paid_for_lesson_id_09f7f26d_fk_universit; Type: FK CONSTRAINT; Schema: public; Owner: postgres
--

ALTER TABLE ONLY public.payments_paying
    ADD CONSTRAINT payments_paying_paid_for_lesson_id_09f7f26d_fk_universit FOREIGN KEY (paid_for_lesson_id) REFERENCES public.university_lesson(id) DEFERRABLE INITIALLY DEFERRED;


--
-- Name: payments_paying payments_paying_user_id_8a40001d_fk_user_auth_user_id; Type: FK CONSTRAINT; Schema: public; Owner: postgres
--

ALTER TABLE ONLY public.payments_paying
    ADD CONSTRAINT payments_paying_user_id_8a40001d_fk_user_auth_user_id FOREIGN KEY (user_id) REFERENCES public.user_auth_user(id) DEFERRABLE INITIALLY DEFERRED;


--
-- Name: university_curs university_curs_owner_id_4960e6bf_fk_user_auth_user_id; Type: FK CONSTRAINT; Schema: public; Owner: postgres
--

ALTER TABLE ONLY public.university_curs
    ADD CONSTRAINT university_curs_owner_id_4960e6bf_fk_user_auth_user_id FOREIGN KEY (owner_id) REFERENCES public.user_auth_user(id) DEFERRABLE INITIALLY DEFERRED;


--
-- Name: university_lesson university_lesson_curs_id_06ddf954_fk_university_curs_id; Type: FK CONSTRAINT; Schema: public; Owner: postgres
--

ALTER TABLE ONLY public.university_lesson
    ADD CONSTRAINT university_lesson_curs_id_06ddf954_fk_university_curs_id FOREIGN KEY (curs_id) REFERENCES public.university_curs(id) DEFERRABLE INITIALLY DEFERRED;


--
-- Name: university_lesson university_lesson_owner_id_97fd4574_fk_user_auth_user_id; Type: FK CONSTRAINT; Schema: public; Owner: postgres
--

ALTER TABLE ONLY public.university_lesson
    ADD CONSTRAINT university_lesson_owner_id_97fd4574_fk_user_auth_user_id FOREIGN KEY (owner_id) REFERENCES public.user_auth_user(id) DEFERRABLE INITIALLY DEFERRED;


--
-- Name: university_subscription university_subscription_curs_id_52eea0a2_fk_university_curs_id; Type: FK CONSTRAINT; Schema: public; Owner: postgres
--

ALTER TABLE ONLY public.university_subscription
    ADD CONSTRAINT university_subscription_curs_id_52eea0a2_fk_university_curs_id FOREIGN KEY (curs_id) REFERENCES public.university_curs(id) DEFERRABLE INITIALLY DEFERRED;


--
-- Name: university_subscription university_subscription_user_id_52e3ac34_fk_user_auth_user_id; Type: FK CONSTRAINT; Schema: public; Owner: postgres
--

ALTER TABLE ONLY public.university_subscription
    ADD CONSTRAINT university_subscription_user_id_52e3ac34_fk_user_auth_user_id FOREIGN KEY (user_id) REFERENCES public.user_auth_user(id) DEFERRABLE INITIALLY DEFERRED;


--
-- Name: user_auth_user_groups user_auth_user_groups_group_id_165f3b9d_fk_auth_group_id; Type: FK CONSTRAINT; Schema: public; Owner: postgres
--

ALTER TABLE ONLY public.user_auth_user_groups
    ADD CONSTRAINT user_auth_user_groups_group_id_165f3b9d_fk_auth_group_id FOREIGN KEY (group_id) REFERENCES public.auth_group(id) DEFERRABLE INITIALLY DEFERRED;


--
-- Name: user_auth_user_groups user_auth_user_groups_user_id_e339ec14_fk_user_auth_user_id; Type: FK CONSTRAINT; Schema: public; Owner: postgres
--

ALTER TABLE ONLY public.user_auth_user_groups
    ADD CONSTRAINT user_auth_user_groups_user_id_e339ec14_fk_user_auth_user_id FOREIGN KEY (user_id) REFERENCES public.user_auth_user(id) DEFERRABLE INITIALLY DEFERRED;


--
-- Name: user_auth_user_user_permissions user_auth_user_user__permission_id_2c602bd2_fk_auth_perm; Type: FK CONSTRAINT; Schema: public; Owner: postgres
--

ALTER TABLE ONLY public.user_auth_user_user_permissions
    ADD CONSTRAINT user_auth_user_user__permission_id_2c602bd2_fk_auth_perm FOREIGN KEY (permission_id) REFERENCES public.auth_permission(id) DEFERRABLE INITIALLY DEFERRED;


--
-- Name: user_auth_user_user_permissions user_auth_user_user__user_id_31fb400e_fk_user_auth; Type: FK CONSTRAINT; Schema: public; Owner: postgres
--

ALTER TABLE ONLY public.user_auth_user_user_permissions
    ADD CONSTRAINT user_auth_user_user__user_id_31fb400e_fk_user_auth FOREIGN KEY (user_id) REFERENCES public.user_auth_user(id) DEFERRABLE INITIALLY DEFERRED;


--
-- PostgreSQL database dump complete
--

